sentence_id,text,source_name,label,label_name,llm_label,llm_rationale,llm_raw,n_retries,parse_failed,latency_sec
7dde2f9f-4063-4efd-bb85-55586fc90c8b,"An ongoing shift of the population toward non-white demographics means that, assuming no change in voting behavior of these various groups, electing Republicans will become harder and harder.",townhall,0,non-biased,biased,Loaded evaluative language: 'harder and harder' implies difficulty is inherent,"{""label"": ""biased"", ""rationale"": ""Loaded evaluative language: 'harder and harder' implies difficulty is inherent""}",0,False,21.9
1b8dfddb-d116-40da-bcbe-5a4108a2914e,Winners of moraingy bouts received a cash prize and it offered a way for insecure young people to feel good about themselves using the only things they had: their bodies.,the-guardian,1,biased,biased,Loaded evaluative language: 'insecure young people',"{""label"": ""biased"", ""rationale"": ""Loaded evaluative language: 'insecure young people'""}",0,False,5.62
64ded523-9419-4c8f-b321-971664154de4,"But, if you want a super-smart outdoor camera that you can use with your Alexa smart home, this is the way to go.",usa-today,1,biased,biased,Loaded evaluative language: 'super-smart',"{""label"": ""biased"", ""rationale"": ""Loaded evaluative language: 'super-smart'""}",0,False,5.42
2cfe8b65-4715-4425-9383-043f6e3aa777,The horrific murders of Israeli civilians by Hamas cannot in any way legitimise Israel’s ongoing war crimes.,the-guardian,1,biased,biased,"Loaded evaluative language: 'horrific', 'war crimes'","{""label"": ""biased"", ""rationale"": ""Loaded evaluative language: 'horrific', 'war crimes'""}",0,False,6.17
a901c9a3-052b-4568-b11e-29c0cdd063c3,"Adidas Samba OG Sneaker $100 $100 On the trendier side are Adidas Sambas, which were called out by multiple teens.",new-york-magazine,0,non-biased,biased,"Loaded evaluative language ('trendier side', 'called out')","{""label"": ""biased"", ""rationale"": ""Loaded evaluative language ('trendier side', 'called out')""}",0,False,6.1
4f90b2f5-7286-4d86-8065-1718e6957be7,"Instead, the activists have largely relied on arguments about rescued animals lacking commercial value, but the drawback of this is that it reifies animals’ property status.",vox,0,non-biased,biased,"Loaded evaluative language ('drawback', 'reifies')","{""label"": ""biased"", ""rationale"": ""Loaded evaluative language ('drawback', 'reifies')""}",0,False,5.68
784ec731-87f1-4bd7-a6a5-19b7712b30a4,Just about everyone asked to age up in Back to the Future 2.,the-guardian,0,non-biased,biased,Loaded evaluative language ('just about everyone'),"{""label"": ""biased"", ""rationale"": ""Loaded evaluative language ('just about everyone')""}",0,False,5.06
2caade07-a6aa-4cc0-a389-0881a5eca7bf,It is tax cuts that have caused the dramatic increase in primary deficit projections.,alternet,1,biased,biased,Loaded evaluative language and unsupported claim,"{""label"": ""biased"", ""rationale"": ""Loaded evaluative language and unsupported claim""}",0,False,4.67
a2b7814a-8661-47f9-a82b-5964ee0468ef,"MSNBC host Mehdi Hasan has been one of the strongest critics of Israel in the mainstream media during the ongoing Israel-Hamas war, but it's nothing new for the hard-left anchor who has never been shy about offering strident commentary.",alternet,1,biased,biased,"Loaded evaluative language: 'hard-left', 'strident'","{""label"": ""biased"", ""rationale"": ""Loaded evaluative language: 'hard-left', 'strident'""}",0,False,6.14
c4bfa0bb-c2f5-4b22-9678-48f8c86e29dd,"The timeline on which post-traumatic amnesia lasts depends on the person, as it could be anywhere from a few minutes to several weeks or months.",fox-news,0,non-biased,non-biased,Neutral factual language describing a medical condition's variability.,"{""label"": ""non-biased"", ""rationale"": ""Neutral factual language describing a medical condition's variability.""}",0,False,5.89
38229da5-8c98-44c0-bcc8-1642c31cdc44,"Small-cap stocks have been left in the dust by this year's megacap tech rally, but at least one exchange-traded fund of smaller companies is holding its own.",cnbc,0,non-biased,biased,Loaded evaluative language ('left in the dust'),"{""label"": ""biased"", ""rationale"": ""Loaded evaluative language ('left in the dust')""}",0,False,5.32
11b66072-7a9f-43d7-8529-7d671feda74d,"A decent society doesn’t let poorer people fall ever further behind, but that is what we have done.",the-guardian,1,biased,biased,Loaded evaluative language and subjective framing of societal issue,"{""label"": ""biased"", ""rationale"": ""Loaded evaluative language and subjective framing of societal issue""}",0,False,5.43
82ad42f1-c092-4bb3-aec4-61a171b852d6,"6) Climate change could have a tiny effect on earthquakes In general, scientists haven’t measured any effect on earthquakes from climate change.",vox,0,non-biased,biased,Loaded language ('tiny effect') frames the topic in a negative way.,"{""label"": ""biased"", ""rationale"": ""Loaded language ('tiny effect') frames the topic in a negative way.""}",0,False,6.0
ef89f17a-582e-40bd-bb23-6c43451dff35,"Eventually, the public tired of American gas-guzzling clunkers, no matter what their prestige, and welcomed better built Japanese imports.",american-thinker,1,biased,biased,"Loaded evaluative language ('clunkers', 'better built')","{""label"": ""biased"", ""rationale"": ""Loaded evaluative language ('clunkers', 'better built')""}",0,False,5.89
6c79b4e8-6a6b-4009-a610-09ebef1c4983,Kamala Harris promises to throw money at the problem: Our own vice president just pledged $3 billion of U.S. taxpayers' hard-earned money to the Green Climate Fund.,reason,1,biased,biased,"Loaded evaluative language: 'throw money at', 'hard-earned'","{""label"": ""biased"", ""rationale"": ""Loaded evaluative language: 'throw money at', 'hard-earned'""}",0,False,6.32
0adcccac-4080-4fda-a6f5-ff9e4afc6c6f,"Local governments are charged with ensuring their employees are properly classified, the agency said.",nj,0,non-biased,non-biased,Neutral attribution language and factual reporting,"{""label"": ""non-biased"", ""rationale"": ""Neutral attribution language and factual reporting""}",0,False,5.13
baeb72cb-1a33-4f6b-a014-d3e058367736,"There have been an estimated 20 million deaths from Covid-19 around the world, but that number might well have doubled, Fauci said.",alternet,0,non-biased,non-biased,Neutral attribution language and hedged estimate,"{""label"": ""non-biased"", ""rationale"": ""Neutral attribution language and hedged estimate""}",0,False,5.3
994d19fc-54d7-44bc-b91b-19c69c1667c9,"Potter glides smoothly from Emily’s prim, plummy Oxbridge accent to the Scandinavian villagers she befriends to the appropriately eerie Folk.",slate,0,non-biased,biased,"Loaded evaluative language: 'prim', 'plummy'","{""label"": ""biased"", ""rationale"": ""Loaded evaluative language: 'prim', 'plummy'""}",0,False,5.62
9222031a-9ecb-42f8-bb7e-52206d4ee68c,"Eventually, we find the view of the Tamar river which we’ve been looking for My guide is Will Darwall, manager of the Tamara Landscape Partnership Scheme (TLPS), the organisation that has created the 87-mile walk running from Cremyll near Plymouth in the south to Marsland Mouth, near Bude in the north.",the-guardian,0,non-biased,non-biased,Neutral factual description of a person's role and organization.,"{""label"": ""non-biased"", ""rationale"": ""Neutral factual description of a person's role and organization.""}",0,False,6.49
40cc223e-6ac3-46ca-a661-f562cf57ee23,"As our smell decreases, think of what happens when you have a nose cold and both your nostrils are blocked.",wired,0,non-biased,biased,Loaded language evoking unpleasantness,"{""label"": ""biased"", ""rationale"": ""Loaded language evoking unpleasantness""}",0,False,4.73
ac292865-026f-4114-8923-5361e0ebf0c1,Counselors will manage all the details - even rewrites of your college application essay.,american-thinker,0,non-biased,biased,Loaded evaluative language: 'all the details' implies excessive or burdensome work,"{""label"": ""biased"", ""rationale"": ""Loaded evaluative language: 'all the details' implies excessive or burdensome work""}",0,False,6.43
d7798b98-28bf-48c6-a757-742cde70f68d,"For more content, check out the New York Post Shopping section.",new-york-post,0,non-biased,biased,Loaded evaluative language ('Shopping' implies excitement or importance),"{""label"": ""biased"", ""rationale"": ""Loaded evaluative language ('Shopping' implies excitement or importance)""}",0,False,5.58
0428c308-7964-4f7d-bd84-dd752b083146,Explain to me the psychology of the people who pay all the money for the apes.,current-affairs,1,biased,biased,Loaded evaluative language ('all the money') and pejorative framing,"{""label"": ""biased"", ""rationale"": ""Loaded evaluative language ('all the money') and pejorative framing""}",0,False,6.05
ce885306-a813-4c41-8197-4a3745ac80a5,"So that will take them directly to a place where they can do it, or just click the link down in the show notes.",christianity-today,0,non-biased,non-biased,Neutral language used for instructional purposes.,"{""label"": ""non-biased"", ""rationale"": ""Neutral language used for instructional purposes.""}",0,False,5.59
bc375c42-4c1e-46e3-9ed0-331f39d82a8e,"He goes on to say that the ADL and other Jewish groups are pushing replacements of whites, it’s a lot of condemnation for singling out a specific religious group during a time E rapidly rising antisemitism.",hotair,1,biased,biased,Loaded language and evaluative claims about 'rapidly rising antisemitism'.,"{""label"": ""biased"", ""rationale"": ""Loaded language and evaluative claims about 'rapidly rising antisemitism'.""}",0,False,6.51
26df261a-e3e4-4a3d-9f14-9cd866f3fa98,The sister of one of the hostages asked why the families were being kept out of the information loop by the Red Cross.,hotair,0,non-biased,non-biased,Neutral attribution language and factual reporting on a sensitive topic,"{""label"": ""non-biased"", ""rationale"": ""Neutral attribution language and factual reporting on a sensitive topic""}",0,False,6.1
d666194f-d7e6-4398-b030-151902dee1a0,Not the fact that the Red Cross has not been allowed to meet with hostages or to distinguish between that which is true and that which is pure propaganda.,newsmax,1,biased,biased,Loaded evaluative language ('pure propaganda'),"{""label"": ""biased"", ""rationale"": ""Loaded evaluative language ('pure propaganda')""}",0,False,4.92
3f7adff2-4b51-40ab-bcd2-529cb7f2b78f,"Clinton disparaging Trump-supporters is far from revelatory, as she infamously referred to them as a basket of deplorables during the lead-up to the 2016 election.",american-thinker,1,biased,biased,Loaded evaluative language and pejorative framing,"{""label"": ""biased"", ""rationale"": ""Loaded evaluative language and pejorative framing""}",0,False,5.24
180bf823-3adf-464a-8f1b-4d03e78d13c7,"It also reviews problematic issues related to the selection of topics, methodologies and research tools, as well as the inability of researchers to epistemologically break from their preconceived ideas while dealing with research topics, which then results in a functional defect in findings and undermines their credibility and objectivity.",al-jazeera,0,non-biased,biased,"Loaded evaluative language: 'problematic issues', 'functional defect'","{""label"": ""biased"", ""rationale"": ""Loaded evaluative language: 'problematic issues', 'functional defect'""}",0,False,6.33
b94f2e6a-c0ae-4ee8-808e-8f1ac528b417,"The resurfaced clip comes as Americans find themselves embroiled in an ongoing discussion about the rise of tipping culture, as touch screens and their in-your-face tipping requests become the norm.",new-york-post,0,non-biased,biased,Loaded evaluative language: 'in-your-face',"{""label"": ""biased"", ""rationale"": ""Loaded evaluative language: 'in-your-face'""}",0,False,5.42
ea5ba21c-52f6-48ac-aace-e45c91384fcc,"Fortunately, this fungus is typically only found in the southwestern US, parts of Mexico, and Central and South America - and cases are rare.",vox,0,non-biased,non-biased,Neutral language used to report geographical scope and frequency.,"{""label"": ""non-biased"", ""rationale"": ""Neutral language used to report geographical scope and frequency.""}",0,False,5.89
65ae68b8-a20b-4f73-9d42-c07a9d9ef398,"Instead of happy students when, we cut that 80% government support down to around 20% (with the 80% now covered by student’s tuition), our nation is groaning under a $2 trillion dollar student debt burden, preventing young people from buying homes, starting businesses, or beginning families.",alternet,1,biased,biased,Loaded evaluative language and emotive framing of economic consequences,"{""label"": ""biased"", ""rationale"": ""Loaded evaluative language and emotive framing of economic consequences""}",0,False,5.91
cb1f803f-5c1d-43df-a8a5-5e8f4a7aea7b,"Ginger, Rocky and their pals have to break into this chicken farm and pull off a daring rescue, before their daughter turns into a bucket of nuggets.",the-guardian,1,biased,biased,Loaded evaluative language: 'daring rescue',"{""label"": ""biased"", ""rationale"": ""Loaded evaluative language: 'daring rescue'""}",0,False,5.36
795edd50-e689-49b4-bd33-768044c18ead,"If Sessions had the vision and courage to charge Lerner, however, the DOJ would have fired a shot across the bow of bureaucrats who abuse their positions to further partisan views.",american-thinker,1,biased,biased,Loaded evaluative language: 'abuse their positions' and 'further partisan views',"{""label"": ""biased"", ""rationale"": ""Loaded evaluative language: 'abuse their positions' and 'further partisan views'""}",0,False,6.81
1bb1a2d8-7c9b-46c9-9d4e-abee2d1eac25,Governor Abbott sends illegal aliens to sanctuary cities by using funds in Operation Lone Star for bus trips.,hotair,1,biased,biased,"Loaded language: 'illegal aliens', evaluative framing of policy","{""label"": ""biased"", ""rationale"": ""Loaded language: 'illegal aliens', evaluative framing of policy""}",0,False,5.73
a7ad8ba3-fc6f-42e8-99e7-872c1211d329,BetRivers Casino BetRivers is a top-rated New Jersey online casino and sportsbook currently offering new players a guaranteed 100% match bonus worth up to $500 (available on the first deposit only).,newsmax,0,non-biased,biased,Loaded evaluative language: 'top-rated',"{""label"": ""biased"", ""rationale"": ""Loaded evaluative language: 'top-rated'""}",0,False,5.2
de9e2281-e2ef-47c4-864a-54446207aed7,"Bernie Sanders Supporter: If you want to stop feeling sick and tired and start feeling better, then join me and others in working to elect a president who is not beholden to Wall Street.",the-intercept,1,biased,biased,"Loaded evaluative language ('sick and tired', 'feel better')","{""label"": ""biased"", ""rationale"": ""Loaded evaluative language ('sick and tired', 'feel better')""}",0,False,6.15
d3a814a2-2513-4e47-b29f-42aab56aa00d,False claim - proximity Most of the posts made it sound like someone could randomly pass by you or sit next to you on a bus or airplane and snag your contact info.,az-central,0,non-biased,biased,Loaded evaluative language ('false claim'),"{""label"": ""biased"", ""rationale"": ""Loaded evaluative language ('false claim')""}",0,False,5.0
04de942f-9ac8-4aea-9f02-c3529d8d43a6,"Best practices, Szany explained, are the opposite: focusing on individual stories, hearing from survivors and victims in their own words.",the-atlantic,0,non-biased,biased,"Loaded evaluative language ('best practices', 'opposite')","{""label"": ""biased"", ""rationale"": ""Loaded evaluative language ('best practices', 'opposite')""}",0,False,5.97
73c0f7ce-35df-47f3-9ea9-9df98349b6b5,"Flores was hospitalized in Fresno, but returned to prison two days later.",fox-news,0,non-biased,non-biased,"Neutral reporting language, no loaded or evaluative terms.","{""label"": ""non-biased"", ""rationale"": ""Neutral reporting language, no loaded or evaluative terms.""}",0,False,5.97
bd23c4b0-5278-4737-b78b-4cd7518ad6c7,The simple and correct answer is to outlaw all U.S. investment in China and require current investments to be unwound within a few years.,washington-times,1,biased,biased,"Loaded evaluative language ('simple', 'correct')","{""label"": ""biased"", ""rationale"": ""Loaded evaluative language ('simple', 'correct')""}",0,False,5.31
63472570-4933-4fe1-8ccd-9c8ae74af2be,5 questions answered by 3 doctors ‘My wife doesn’t want me to’ Anti-abortion doctors are a minority.,the-conversation,1,biased,biased,Loaded evaluative language ('minority' implies negative connotation),"{""label"": ""biased"", ""rationale"": ""Loaded evaluative language ('minority' implies negative connotation)""}",0,False,6.12
40094abc-335f-42c7-8b74-ef5318043a87,"Demon Copperhead (Faber) by Barbara Kingsolver is a modern-day retelling of David Copperfield, a glorious epic that is political and righteously angry, but thanks to the exquisitely rendered narrative voice, always engaging.",the-guardian,1,biased,biased,"Loaded evaluative language: 'glorious', 'righteously angry'","{""label"": ""biased"", ""rationale"": ""Loaded evaluative language: 'glorious', 'righteously angry'""}",0,False,6.51
632b8823-8d50-4bad-a622-8f6ecdb6a46c,"It’s different from Nascar in a few ways: Drivers race on winding tracks with hard turns rather than circular tracks, the gulfs in performance between the best and worst machines are massive, and, thanks to literally breakneck speeds made to push bodies to their limits, the stakes are higher.",vox,0,non-biased,biased,"Loaded evaluative language: 'breakneck', 'push bodies to their limits'","{""label"": ""biased"", ""rationale"": ""Loaded evaluative language: 'breakneck', 'push bodies to their limits'""}",0,False,6.68
e7a97396-cb9c-4e4c-abe5-a03a6c0f307b,"Between Washington’s third-party-enforced devaluation and disconnection, physicians get neither psychic reward nor fair compensation for their work.",the-american-spectator,1,biased,biased,Loaded evaluative language: 'psychic reward',"{""label"": ""biased"", ""rationale"": ""Loaded evaluative language: 'psychic reward'""}",0,False,5.57
7cfe3c85-be3d-46c4-8494-fed74b51c88b,"If you have any familiarity with history, you know how this story can go.",current-affairs,1,biased,biased,Loaded language and implication of inevitability,"{""label"": ""biased"", ""rationale"": ""Loaded language and implication of inevitability""}",0,False,4.88
0cd058ea-edc4-4801-8c2a-c84674888b6c,"AP Turnovers favor Texas in ball security, but Marquette’s aggressive defense poses a threat.",new-york-post,0,non-biased,non-biased,Neutral framing of opposing team's strategy,"{""label"": ""non-biased"", ""rationale"": ""Neutral framing of opposing team's strategy""}",0,False,5.38
ee82b9c7-2181-42de-9b53-5c6752117588,"The World Waits Written by Elizabeth Pham Illustrated by Jen Olson Sophia Institute, 2023 32 pages, $16.95 A sad and tired world waits and waits.",national-catholic-register,0,non-biased,biased,Loaded evaluative language: 'sad' and 'tired',"{""label"": ""biased"", ""rationale"": ""Loaded evaluative language: 'sad' and 'tired'""}",0,False,5.97
750c3f3b-6b10-41ea-8dd9-bfcdfbd2ee49,Floyd’s murder is just the latest outrage in a parade of racist horrors this spring.,alternet,1,biased,biased,Loaded evaluative language and subjective framing,"{""label"": ""biased"", ""rationale"": ""Loaded evaluative language and subjective framing""}",0,False,4.78
e803a43a-25b3-44c8-b682-74643baa4ab0,The seemingly predetermined nature of these races is turning America off.,vox,1,biased,biased,Loaded evaluative language ('turning America off'),"{""label"": ""biased"", ""rationale"": ""Loaded evaluative language ('turning America off')""}",0,False,5.12
a7f296f7-27dc-4809-92ba-7d0361d71b70,But Hunter Biden believes Republicans are pursuing a partisan inquiry aimed at damaging the Biden family name and his father’s re-election prospects.,washington-times,0,non-biased,biased,Loaded evaluative language: 'partisan inquiry' implies illegitimacy,"{""label"": ""biased"", ""rationale"": ""Loaded evaluative language: 'partisan inquiry' implies illegitimacy""}",0,False,6.52
abda8a4a-de67-4918-a805-f88c707249a2,"Baffled that such a baldly prejudiced policy was still on the books in 2019, Nadel and Plotka contacted Cooper to learn more about her work.",the-new-yorker,1,biased,non-biased,Neutral attribution language used for reporting facts.,"{""label"": ""non-biased"", ""rationale"": ""Neutral attribution language used for reporting facts.""}",0,False,5.51
a35cb573-d240-4a0b-89fd-7a17591d3c69,Actors are the aperture between the audience and the story and you should not be seen.,vanity-fair,1,biased,biased,Loaded evaluative language: 'should not be seen' implies a strong opinion.,"{""label"": ""biased"", ""rationale"": ""Loaded evaluative language: 'should not be seen' implies a strong opinion.""}",0,False,6.4
dac41969-a02e-4ffa-8389-9496f3b154c8,So why is Adelson and her family throwing billions into a Dallas team?,cnbc,1,biased,biased,Loaded evaluative language ('throwing billions') implies negative motive.,"{""label"": ""biased"", ""rationale"": ""Loaded evaluative language ('throwing billions') implies negative motive.""}",0,False,5.8
cbd314ce-6b4c-4f37-bb26-4e67bf8687bb,They’ve already chalked up a win for the Pentagon and a loss for social conservatives this Christmas.,fox-news,1,biased,biased,Loaded evaluative language: 'win' and 'loss',"{""label"": ""biased"", ""rationale"": ""Loaded evaluative language: 'win' and 'loss'""}",0,False,5.81
b60aff29-15e3-46c7-8eca-d91f136f23ab,"But among respiratory viruses, COVID-19 remains the main cause of hospitalizations and deaths, health officials said Friday, Dec. 1, 2023.",abc-news,0,non-biased,non-biased,Neutral attribution language to health officials,"{""label"": ""non-biased"", ""rationale"": ""Neutral attribution language to health officials""}",0,False,5.15
9c9d44c4-0a42-4f40-b407-386e356f1009,"Crucially, it also was vague about how any of the code’s provisions would be enforced.",az-central,0,non-biased,biased,Loaded evaluative language ('crucially') frames vagueness as a negative.,"{""label"": ""biased"", ""rationale"": ""Loaded evaluative language ('crucially') frames vagueness as a negative.""}",0,False,6.69
c128f3dd-dbef-4f58-ac65-01940a7e67d0,And you've already convinced yourself that this number is not on this list anywhere.,wired,1,biased,biased,Loaded language and assumption of conclusion,"{""label"": ""biased"", ""rationale"": ""Loaded language and assumption of conclusion""}",0,False,4.51
89130308-0e8b-4519-84b6-a63513051082,My response is: how could they have 30 to 60 years ago?,current-affairs,1,biased,biased,Loaded evaluative language and implicit criticism,"{""label"": ""biased"", ""rationale"": ""Loaded evaluative language and implicit criticism""}",0,False,4.69
08906d79-ae26-4efb-b177-1c0cba21c23a,"Morgan Stanley downgrades Plug Power (PLUG) to underweight from equal weight, while lowering its price target to $3 a share, down from $3.50.",cnbc,0,non-biased,non-biased,"Neutral reporting language, factual description of financial action","{""label"": ""non-biased"", ""rationale"": ""Neutral reporting language, factual description of financial action""}",0,False,5.71
04594fe7-f2d4-4cff-a2cc-70b58911b529,"Trump may not be much of a stable genius, but he doesn't need to be the brightest bulb on the KKK Christmas tree to be a racist troll.",alternet,1,biased,biased,Loaded evaluative language and personal attacks,"{""label"": ""biased"", ""rationale"": ""Loaded evaluative language and personal attacks""}",0,False,4.78
53fd473b-6005-4c9c-b609-c859a373df80,Analysts should therefore ask whether a leader’s goals include a vision that expresses widely attractive values at home and abroad.,foreign-affairs,0,non-biased,biased,Loaded evaluative language: 'widely attractive values',"{""label"": ""biased"", ""rationale"": ""Loaded evaluative language: 'widely attractive values'""}",0,False,5.67
a7690b64-d3c7-4f95-bca7-3da4baed0fda,"Still, it’s hard to get excited about this team given how uninspiring the offense looks whenever Justin Herbert isn’t throwing the ball to Keenan Allen.",baltimore-sun,1,biased,biased,Loaded evaluative language: 'uninspiring',"{""label"": ""biased"", ""rationale"": ""Loaded evaluative language: 'uninspiring'""}",0,False,5.35
d924e03e-ea57-4d53-bd1d-402ee39b9d82,"The U.K. debt-to-GDP ratio comes in at 97 percent, while Washington’s is at 129 percent and growing.",the-american-conservative,0,non-biased,biased,"Loaded evaluative language ('growing', implying negative trend)","{""label"": ""biased"", ""rationale"": ""Loaded evaluative language ('growing', implying negative trend)""}",0,False,5.64
e93539d8-467d-4b8e-9c5e-db2957cf3529,Transaction fees are much lower when compared to international money transfers.,newsmax,0,non-biased,non-biased,Neutral comparison language,"{""label"": ""non-biased"", ""rationale"": ""Neutral comparison language""}",0,False,4.38
ed03babd-e5b3-4075-936e-c9290c2a4642,"Gavin is dumb, almost Kamala-level dumb, and he got where he is because he’s good looking, connected, and because you can be a dumb Democrat in California and survive.",townhall,1,biased,biased,Loaded evaluative language and subjective framing,"{""label"": ""biased"", ""rationale"": ""Loaded evaluative language and subjective framing""}",0,False,4.86
cd8f7cd1-1d24-4906-bb75-aa79640426fa,"But although this has given parents a more comprehensive view of their child’s performance and made information more accessible, it has also introduced a new set of stressors for teachers.",the-atlantic,0,non-biased,non-biased,Neutral language describes both positive and negative effects.,"{""label"": ""non-biased"", ""rationale"": ""Neutral language describes both positive and negative effects.""}",0,False,5.72
1778ed16-75a9-4cc2-9c7d-5feb2777ac98,What matters is what his supporters will do when they lose.,alternet,1,biased,biased,Loaded evaluative language and assumption of negative outcome,"{""label"": ""biased"", ""rationale"": ""Loaded evaluative language and assumption of negative outcome""}",0,False,4.93
64f09803-2d4d-4ed9-a757-40ede8351636,"Hearing her supple, sultry vocals torch up this seasonal standard is enough to roast those chestnuts without any open fire.",new-york-post,1,biased,biased,"Loaded evaluative language: 'supple', 'sultry', 'torch'","{""label"": ""biased"", ""rationale"": ""Loaded evaluative language: 'supple', 'sultry', 'torch'""}",0,False,6.9
c660e9db-4a38-499a-945a-90c9c268f545,These licenses ensure that the export control regime - so often lauded by Republicans - remains mostly toothless.,washington-times,1,biased,biased,Loaded evaluative language ('toothless') and partisan reference,"{""label"": ""biased"", ""rationale"": ""Loaded evaluative language ('toothless') and partisan reference""}",0,False,5.81
23487ca7-abcd-459a-8f2c-b78700461ea7,He owes Thamel an on-air apology that was as strongly worded as his initial criticisms.,poynter,1,biased,biased,Loaded evaluative language ('strongly worded'),"{""label"": ""biased"", ""rationale"": ""Loaded evaluative language ('strongly worded')""}",0,False,5.4
5b3eb148-ceb5-4205-92ca-d0bf7d424def,"What makes that true and where do you think that comes from, and how do we as Americans need to be especially careful about this idea of staying rather than just simply being like rocks skipping across the surface of the water.",christianity-today,0,non-biased,biased,Loaded evaluative language and subjective framing,"{""label"": ""biased"", ""rationale"": ""Loaded evaluative language and subjective framing""}",0,False,4.98
a56c5255-7d5e-4486-8e0f-932b3322c564,"At the federal level, investigations have revealed rampant misuse of funds, excessive and inappropriate discipline (especially of Black boys), and exploitation of public dollars by private companies.",mother-jones,1,biased,biased,"Loaded evaluative language ('rampant', 'excessive', 'inappropriate')","{""label"": ""biased"", ""rationale"": ""Loaded evaluative language ('rampant', 'excessive', 'inappropriate')""}",0,False,6.65
6e30e0d4-199e-4605-aca7-ab07b0d9cf4c,It seemed clear that whoever wrote the proposed scripts either did not understand DBFOMs or deliberately misrepresented them.,reason,1,biased,biased,Loaded evaluative language: 'deliberately misrepresented',"{""label"": ""biased"", ""rationale"": ""Loaded evaluative language: 'deliberately misrepresented'""}",0,False,5.65
213562a5-b742-48f2-b12f-18dabae67624,Simon contrasts Warren’s bold steps on Brown with Eisenhower’s cautious tiptoe.,alternet,0,non-biased,biased,Loaded evaluative language: 'bold' vs 'cautious',"{""label"": ""biased"", ""rationale"": ""Loaded evaluative language: 'bold' vs 'cautious'""}",0,False,6.01
87ae25bb-d643-4aa0-af2a-9a646f115716,"Other existing offers include welcome freeroll, tournaments, free spins, and reload bonuses.",newsmax,0,non-biased,non-biased,Neutral description of promotional offers,"{""label"": ""non-biased"", ""rationale"": ""Neutral description of promotional offers""}",0,False,4.94
e69bcd89-c4bd-4ca4-91dd-9425e6020f9b,This season finally does give some overdue attention to the publicists whose job it is to facilitate this system.,vox,1,biased,biased,"Loaded evaluative language ('overdue attention', 'facilitate')","{""label"": ""biased"", ""rationale"": ""Loaded evaluative language ('overdue attention', 'facilitate')""}",0,False,6.2
15eef161-52b6-48fe-9a15-e54743e980c5,Article continues below Does it matter that there’s no mention of extraterrestrial life in the universe in the Bible?,christianity-today,0,non-biased,biased,Presupposes a conclusion about the Bible's relevance to extraterrestrial life,"{""label"": ""biased"", ""rationale"": ""Presupposes a conclusion about the Bible's relevance to extraterrestrial life""}",0,False,6.43
442ca7e2-97ac-48e0-ac73-8ee904c0b145,"Systemwide oversight failures at the local, state and federal levels have enabled the sexual abuse of children in American schools to persist with virtually no monitoring of such incidents.",cbs-news,1,biased,biased,Loaded evaluative language: 'persist with virtually no monitoring',"{""label"": ""biased"", ""rationale"": ""Loaded evaluative language: 'persist with virtually no monitoring'""}",0,False,5.7
263afc1e-e07e-4c43-b0f7-9184224468f2,"In a contest between Trump and Biden, the superrich can’t get what they want the most: political stability paired with a continuing assault on the welfare state.",vox,1,biased,biased,"Loaded evaluative language: 'superrich', 'assault'","{""label"": ""biased"", ""rationale"": ""Loaded evaluative language: 'superrich', 'assault'""}",0,False,6.12
f29a72cf-fbed-4346-96ab-531c8d9d8dec,"The pizza is then a means to the end of keeping them growing and happy, instead of just ... eating out for lunch for the 578,234th time.",the-federalist,1,biased,biased,Loaded evaluative language and subjective framing,"{""label"": ""biased"", ""rationale"": ""Loaded evaluative language and subjective framing""}",0,False,4.77
9bab8e34-bcc4-4a97-8e5b-bd5fd88f3c6f,So we are honoring college athletes this year and it's an incredible moment to also recognize our college honorees that are here today.,vogue,0,non-biased,biased,Loaded evaluative language ('incredible moment'),"{""label"": ""biased"", ""rationale"": ""Loaded evaluative language ('incredible moment')""}",0,False,5.07
7d8a6acb-79d8-4649-a4ff-125bafdfd160,It’s the other stuff-what you deliberately hid from us-that we find so upsetting.,esquire,1,biased,biased,Loaded evaluative language and accusatory tone,"{""label"": ""biased"", ""rationale"": ""Loaded evaluative language and accusatory tone""}",0,False,4.96
2d71993e-c3fa-4c7b-aab7-aa11261cbf5c,"According to the Post, similar questions of liability are often key in high-profile bankruptcy settlements, such as the one that Boy Scouts of America reached with thousands of people who claimed to have been sexually abused.",mother-jones,0,non-biased,non-biased,Neutral attribution language and factual description of a sensitive topic,"{""label"": ""non-biased"", ""rationale"": ""Neutral attribution language and factual description of a sensitive topic""}",0,False,5.96
0eae8eb7-a897-42b3-bd16-40f042ec36d0,"This is absolutely the day when you should have exactly what you want, whether that is a massive roast dinner or an all-day grazing buffet of treats.",the-guardian,1,biased,biased,Loaded evaluative language and subjective framing,"{""label"": ""biased"", ""rationale"": ""Loaded evaluative language and subjective framing""}",0,False,4.75
beadfbef-728e-44e2-86b0-f951ca1b050f,"Florida Republican governor Ron DeSantis says he would have loved to hang out with Jesus and his disciples, and thinks America needs more God.",alternet,1,biased,biased,Presumes a positive value on religiosity,"{""label"": ""biased"", ""rationale"": ""Presumes a positive value on religiosity""}",0,False,4.95
8357fe39-6033-4eb7-8292-139b476a39da,"They had never developed the technology of smelting to create bronze, iron, or steel.",american-thinker,0,non-biased,non-biased,Neutral factual description of a historical technological limitation.,"{""label"": ""non-biased"", ""rationale"": ""Neutral factual description of a historical technological limitation.""}",0,False,5.78
b86bd651-c40e-4f82-ae5a-c9620146da3c,"Time and again, we have seen this story play out: The self-appointed guardians of everyone else's sexual morality often have rather exotic sex lives of their own.",salon,1,biased,biased,Loaded evaluative language: 'self-appointed guardians' and 'exotic sex lives',"{""label"": ""biased"", ""rationale"": ""Loaded evaluative language: 'self-appointed guardians' and 'exotic sex lives'""}",0,False,6.64
c46057bd-5722-4f9c-8db9-c9de05a2b964,"Gary Edinger of Benjamin, Aaronson, Edinger & Patanzo is serving as local counsel.",alternet,0,non-biased,non-biased,Neutral attribution language,"{""label"": ""non-biased"", ""rationale"": ""Neutral attribution language""}",0,False,4.7
93ce256a-033c-4ceb-820a-100601b950c9,"Despite this, Truss is expected to formally present the bill on Wednesday during a House of Commons hearing where its MP backers will also attend, PinkNewsUK also reported.",washington-blade,0,non-biased,non-biased,Neutral attribution language and factual reporting,"{""label"": ""non-biased"", ""rationale"": ""Neutral attribution language and factual reporting""}",0,False,5.17
7fe5211a-e747-4d2a-a372-a70d3b7ca64d,But that particular prize went to the public vote and Clooney was pipped to the post by Emma Watson.,vogue,0,non-biased,biased,Loaded evaluative language ('pipped to the post'),"{""label"": ""biased"", ""rationale"": ""Loaded evaluative language ('pipped to the post')""}",0,False,5.64
c00b67a4-b722-4d44-9210-81c3b1121f26,"In particular, the way photojournalistic witness and representation can be completely revolutionized by this tool.",vogue,0,non-biased,biased,Loaded evaluative language: 'completely revolutionized',"{""label"": ""biased"", ""rationale"": ""Loaded evaluative language: 'completely revolutionized'""}",0,False,5.58
654f5340-9e53-45c9-846c-d62928e3d566,"But once you get to the ballot box, you've got to pick yes or no.",christianity-today,0,non-biased,biased,Loaded evaluative language ('got to'),"{""label"": ""biased"", ""rationale"": ""Loaded evaluative language ('got to')""}",0,False,4.92
b0c4c60f-66ab-44ff-b2c6-b99d8aec5c54,"She referenced Hamas' treatment of Shani Louk, who was paraded around naked by Hamas terrorists after their brutal attack on attendees at a music festival.",fox-business,1,biased,biased,"Loaded evaluative language: 'brutal', emotive description of victim's experience","{""label"": ""biased"", ""rationale"": ""Loaded evaluative language: 'brutal', emotive description of victim's experience""}",0,False,6.65
1feed39a-cbc6-4623-96e7-baac043a54a6,"The good news is that this crude and very stupid... 0 Recs White House Picture of the Day for December 5th, 2023 Welcome to White House Picture of the Day (Formerly known as MF Daily and before that, Mojo Friday’s Weekly Open Thread) Showcasing a photo from the White House Photography staff, led by Adam ... 0 Recs Exploring Literary Delights: A Guide to the Best Bookstores in Dubai Welcome, fellow book enthusiasts, to a literary journey through the vibrant tapestry of Dubai's book scene.",daily-kos,0,non-biased,biased,Loaded evaluative language,"{""label"": ""biased"", ""rationale"": ""Loaded evaluative language""}",0,False,4.97
7d9918b6-7dbb-4689-8a8d-38cfae34974b,Did Prime Minister Netanyahu see any of this intelligence warning of a Hamas attack?,abc-news,0,non-biased,non-biased,"Neutral phrasing, no loaded language or evaluative claims","{""label"": ""non-biased"", ""rationale"": ""Neutral phrasing, no loaded language or evaluative claims""}",0,False,5.98
b0509d8b-7b65-41e7-b554-4e3c10d3966c,Eligibility Criteria for Online Loans For Bad Credit USA up to $50K Over 18s only Legal citizens/residents of the USA only Local US bank account Pros of Online Loans For Bad Credit USA up to $50K Decisions in 2 minutes Quick payouts on approval 10+ years repayments Cons of Online Loans For Bad Credit USA up to $50K Penalties apply to contract breaches.,newsmax,0,non-biased,biased,"Loaded language and evaluative framing, e.g., 'Pros' and 'Cons'","{""label"": ""biased"", ""rationale"": ""Loaded language and evaluative framing, e.g., 'Pros' and 'Cons'""}",0,False,7.16
fb6217e7-ff15-4bf5-ac4c-e5ff68281faa,"A refusal to take sides, even in the face of such grotesque and undeniable horrors, was nothing short of a moral failing.",townhall,1,biased,biased,"Loaded evaluative language ('grotesque', 'moral failing')","{""label"": ""biased"", ""rationale"": ""Loaded evaluative language ('grotesque', 'moral failing')""}",0,False,6.35
1a52b1db-88f6-426b-b358-99f484f04391,"Yet, May Golan, Minister for the Advancement of the Status of Women in Israel, said she asked Obama to comment on Hamas' brutality.",townhall,0,non-biased,non-biased,"Neutral attribution language, no loaded evaluative terms","{""label"": ""non-biased"", ""rationale"": ""Neutral attribution language, no loaded evaluative terms""}",0,False,5.71
203f233a-4160-40f9-a1df-98d5c27c4260,"Instead it lingers, preventing us from figuring out what we are interested in, and limiting our attention span.",the-conversation,1,biased,biased,"Loaded evaluative language: 'lingers', 'preventing', 'limiting'","{""label"": ""biased"", ""rationale"": ""Loaded evaluative language: 'lingers', 'preventing', 'limiting'""}",0,False,6.79
aa714a34-9508-44ea-9370-91eb0e8e0321,Ted Snider is a regular columnist on US foreign policy and history at Antiwar.com and The Libertarian Institute.,infowars,0,non-biased,non-biased,"Neutral attribution language, no loaded or evaluative terms.","{""label"": ""non-biased"", ""rationale"": ""Neutral attribution language, no loaded or evaluative terms.""}",0,False,6.21
76c1a4bc-9faa-4a69-b22a-da7bb72bf7e9,Rare is the TV show where hair product is a major plot point.,vox,0,non-biased,biased,Loaded evaluative language ('Rare' implies exceptionalism),"{""label"": ""biased"", ""rationale"": ""Loaded evaluative language ('Rare' implies exceptionalism)""}",0,False,5.41
d529509b-5766-4c07-9cf0-6bbd1811726b,"Radical ideologues, whose ideas even the modern Democratic Party had always rejected, gained power in 2021 and, with impunity, implemented an extreme reality-divorced theology about immigration.",wnd,1,biased,biased,"Loaded evaluative language: 'radical', 'extreme', 'reality-divorced'","{""label"": ""biased"", ""rationale"": ""Loaded evaluative language: 'radical', 'extreme', 'reality-divorced'""}",0,False,7.26
e5440a62-217a-4960-aa59-fb9f96366083,"Color makes food fun, even when it doesn’t make any sense.",the-atlantic,0,non-biased,biased,Subjective evaluative framing of a non-controversial topic,"{""label"": ""biased"", ""rationale"": ""Subjective evaluative framing of a non-controversial topic""}",0,False,5.63
b50a70c1-f5e0-4a7a-9dbb-8abccebb34e7,"Rosin: Dan, you said you had some ideas about why this discovery didn’t get the credit and hoopla that it deserved.",the-atlantic,0,non-biased,non-biased,"Neutral phrasing, no loaded language or evaluative claims.","{""label"": ""non-biased"", ""rationale"": ""Neutral phrasing, no loaded language or evaluative claims.""}",0,False,6.19
1b7bf678-b86a-49ab-a0dc-a7b7d2969ea2,"It is a sympathetic idea: people are susceptible to temptation, and perhaps it is a characteristic of an ageing democracy that there is never a shortage of people willing to seduce them.",the-guardian,1,biased,biased,"Loaded evaluative language ('sympathetic', 'seduce')","{""label"": ""biased"", ""rationale"": ""Loaded evaluative language ('sympathetic', 'seduce')""}",0,False,6.15
260d4ffa-50a6-4b59-a7e4-62db02208edb,"We will be timely and topical, but we won’t be slaves to the relentless pace of the news cycle.",the-dispatch,0,non-biased,biased,Loaded evaluative language: 'relentless pace' implies negative connotation,"{""label"": ""biased"", ""rationale"": ""Loaded evaluative language: 'relentless pace' implies negative connotation""}",0,False,6.42
f1ba5c83-8d54-48b1-942e-d4cee1764feb,"The Fast Fire Watch Company understands this better than anyone else, which is why they have become the most trusted fire watch service provider in the United States.",newsmax,1,biased,biased,Loaded evaluative language: 'most trusted',"{""label"": ""biased"", ""rationale"": ""Loaded evaluative language: 'most trusted'""}",0,False,5.16
66e72b6b-fb5a-4018-8023-69724d73cba2,"Because a higher speed limit, it hoped, would encourage greater use, and thus more toll revenue.",slate,0,non-biased,biased,Loaded evaluative language: 'hoped' implies positive outcome,"{""label"": ""biased"", ""rationale"": ""Loaded evaluative language: 'hoped' implies positive outcome""}",0,False,5.79
48ad65d7-a4c0-4427-bb12-9f84f658db1b,Is there any Republican not named Liz Cheney or some random backbencher on MSNBC?,townhall,1,biased,biased,Loaded language and evaluative framing of opposing party members,"{""label"": ""biased"", ""rationale"": ""Loaded language and evaluative framing of opposing party members""}",0,False,5.29
a6a63fda-9c02-4752-b65c-710768a3d414,"No longer concentrating on imposing heavy losses of life and weaponry from a defensive position, Russia is slowly advancing on several fronts and in several locations.",infowars,1,biased,biased,Loaded evaluative language ('heavy losses'),"{""label"": ""biased"", ""rationale"": ""Loaded evaluative language ('heavy losses')""}",0,False,4.99
56fa1d4e-b412-4335-a90b-95e899069a80,"Is this if you were not in the industry whatsoever, or just not an actor?",vanity-fair,0,non-biased,non-biased,Neutral phrasing asks for clarification on a specific group.,"{""label"": ""non-biased"", ""rationale"": ""Neutral phrasing asks for clarification on a specific group.""}",0,False,6.06
35bda502-82ac-4ddb-a715-c523bd8c6f60,That has created a friendlier environment for online nonsense and coordinated disinformation.,vox,1,biased,biased,Loaded evaluative language: 'nonsense' and 'disinformation',"{""label"": ""biased"", ""rationale"": ""Loaded evaluative language: 'nonsense' and 'disinformation'""}",0,False,5.98
1cb22d2d-0ceb-443d-b7f2-81f644bcb358,"Mariupol, in particular, became a symbol of the brutality of Russia’s invasion - mostly through the work of a team of Ukrainian journalists from the Associated Press, who were the last international reporters left in the city.",vox,0,non-biased,biased,Loaded evaluative language: 'brutality',"{""label"": ""biased"", ""rationale"": ""Loaded evaluative language: 'brutality'""}",0,False,5.56
b79c20f9-1e87-45bf-b900-9392531487d4,It’s not all that surprising that some VC firms are willing to go public right now with their distaste toward the current administration’s approach to M&A.,fortune,1,biased,biased,"Loaded evaluative language: 'distaste', subjective framing","{""label"": ""biased"", ""rationale"": ""Loaded evaluative language: 'distaste', subjective framing""}",0,False,5.5
2f60a414-b04e-431b-9ade-632f3a915711,But their interests intersect: all want to undermine American legitimacy and to evade actual or potential sanctions.,the-economist,1,biased,biased,Loaded evaluative language: 'undermine legitimacy',"{""label"": ""biased"", ""rationale"": ""Loaded evaluative language: 'undermine legitimacy'""}",0,False,5.34
3cbca56e-4fcc-47e4-b91c-2e0422d56e62,"But it is important to realize the root cause of these developments: rising demand to live in the neighborhoods between the Schuylkill and Wissahickon Creek, coupled with restrictive policies.",alternet,0,non-biased,biased,"Loaded evaluative language ('important', 'root cause')","{""label"": ""biased"", ""rationale"": ""Loaded evaluative language ('important', 'root cause')""}",0,False,5.59
b94f3a90-a54b-406d-945e-ee3cbd94155b,Some feel helpless and unsure about how to navigate this complex situation in class or at work.,christian-science-monitor,0,non-biased,non-biased,Neutral language describes a common emotional response.,"{""label"": ""non-biased"", ""rationale"": ""Neutral language describes a common emotional response.""}",0,False,5.51
d8c29a85-ceeb-46d1-a809-4059c2a774db,"As conservatives and libertarians, we often critique federal and state governmental programs that claim to save the earth from climate change and other forms of despoliation, but, in reality, the government itself often encourages poor stewardship.",the-american-spectator,1,biased,biased,"Loaded evaluative language: 'despoliation', 'poor stewardship'","{""label"": ""biased"", ""rationale"": ""Loaded evaluative language: 'despoliation', 'poor stewardship'""}",0,False,6.68
b8caf147-c9c6-4076-86d5-91c111682951,"Though the evidence on mental health and mood still mostly comes from anecdotes, qualitative data and some small studies, scientists see it as one of the most promising veins of research.",npr,0,non-biased,non-biased,Neutral framing of uncertain scientific findings,"{""label"": ""non-biased"", ""rationale"": ""Neutral framing of uncertain scientific findings""}",0,False,5.16
6aef42a4-56f4-4b8e-8e24-d69de549ff9d,"It’s really only since the biological revolution in psychiatry that we’ve come to accept these justifications around drugs getting at certain neurotransmitters-serotonin, norepinephrine, etc.-that somehow altering the chemicals of our brains allow us to resume our normal activities.",current-affairs,0,non-biased,biased,"Loaded evaluative language: 'justifications', 'somehow'","{""label"": ""biased"", ""rationale"": ""Loaded evaluative language: 'justifications', 'somehow'""}",0,False,6.16
b00d96c7-9fb2-4072-96cf-b585a60542c6,"We think our Old Money matriarch, Agnes, would be as charmed by this gift as a Lower East Side It-girl.",vogue,1,biased,biased,Loaded evaluative language and subjective framing,"{""label"": ""biased"", ""rationale"": ""Loaded evaluative language and subjective framing""}",0,False,4.77
51e05fdd-ba9f-495a-9454-ebcdc932b136,"Another book that hits all three of these notes is Y/N (Europa) by Esther Yi: a witty, astute, and self-aware (but not so self-aware as to be able to shake romantic obsession) tale of a woman’s infatuation with a younger man in a K-pop band, and the strange journey on which this infatuation takes her.",the-guardian,1,biased,biased,"Loaded evaluative language: 'witty', 'astute', 'self-aware'","{""label"": ""biased"", ""rationale"": ""Loaded evaluative language: 'witty', 'astute', 'self-aware'""}",0,False,7.02
13d0641e-8457-4994-a404-b65dc6e72890,"Starbucks: If your first thought when someone mentions Starbucks is overpriced coffee served by young, woke baristas, that’s only half the story.",newsmax,1,biased,biased,Loaded evaluative language and subjective framing,"{""label"": ""biased"", ""rationale"": ""Loaded evaluative language and subjective framing""}",0,False,4.77
da721e36-fad5-4c5a-9c75-af7687b94d7b,"Discovery is what the festival has always been and remains about, going back to Soderbergh’s splashy debut and even before that.",vanity-fair,0,non-biased,biased,Loaded evaluative language ('splashy'),"{""label"": ""biased"", ""rationale"": ""Loaded evaluative language ('splashy')""}",0,False,4.97
9f6595cd-d818-4131-9550-49d591b57b5b,"In addition to the rebirth of astrology as a serious worldview, nutritional mythology achieved new prominence.",american-thinker,1,biased,biased,Loaded evaluative language ('mythology' implies lack of scientific basis),"{""label"": ""biased"", ""rationale"": ""Loaded evaluative language ('mythology' implies lack of scientific basis)""}",0,False,6.31
77bcb12d-0b52-423e-b30b-4857cd652d53,"My intent in reminding you of the anxieties of previous generations-all that collective angst about television, movies, newspapers, and theater-is to help you see your situation as part of a lineage, a rite of passage through which all generations must proceed.",wired,0,non-biased,biased,"Loaded evaluative language: 'anxieties', 'collective angst'","{""label"": ""biased"", ""rationale"": ""Loaded evaluative language: 'anxieties', 'collective angst'""}",0,False,6.49
394c950e-362d-450d-9327-7611167bf1ab,"When you think of Christian salvation, it is depicted in Scripture as a transfer.",the-christian-post,0,non-biased,biased,"Loaded evaluative language ('depicted', 'transfer')","{""label"": ""biased"", ""rationale"": ""Loaded evaluative language ('depicted', 'transfer')""}",0,False,5.46
c3521a13-ce7e-4bcb-a596-61994286a94e,"AMD has a 16-core monstrosity on the way, and that one’s not even using big.LITTLE architecture with different sized cores.",the-verge,0,non-biased,biased,Loaded evaluative language: 'monstrosity',"{""label"": ""biased"", ""rationale"": ""Loaded evaluative language: 'monstrosity'""}",0,False,5.52
87078a7e-b70e-4ecb-93e5-ed283d98b06c,God has made a business out of turning tragedy into triumph.,fox-news,1,biased,biased,Loaded evaluative language and subjective framing,"{""label"": ""biased"", ""rationale"": ""Loaded evaluative language and subjective framing""}",0,False,4.58
99efafbc-813e-4fd6-8eb3-74494fb2a26f,"These types of contracts are characterised by low pay, variable hours and fewer rights and protections for workers.",the-independent,1,biased,biased,"Loaded evaluative language: 'low pay', 'fewer rights'","{""label"": ""biased"", ""rationale"": ""Loaded evaluative language: 'low pay', 'fewer rights'""}",0,False,6.18
e93188a5-f665-4e1b-9f99-2c3e6de4bfae,"This includes a 16 percentage point drop in mathematics, nine percentage points in science and 12 percentage points in reading.",the-conversation,0,non-biased,non-biased,Neutral factual reporting of test scores.,"{""label"": ""non-biased"", ""rationale"": ""Neutral factual reporting of test scores.""}",0,False,5.54
b6a7f4b8-b66f-4929-b156-3589f1071cb6,As you’d expect from L+R Hotels - which has Chewton Glen and Cliveden House and Spa in its stable - every part of the resort is just so.,the-independent,1,biased,biased,Loaded evaluative language ('just so'),"{""label"": ""biased"", ""rationale"": ""Loaded evaluative language ('just so')""}",0,False,4.94
386ebf72-a553-4406-9f99-7bba78ffaf2e,"Like now, the default is that we’re all moving incredibly fast.",the-atlantic,0,non-biased,biased,Loaded evaluative language: 'incredibly fast',"{""label"": ""biased"", ""rationale"": ""Loaded evaluative language: 'incredibly fast'""}",0,False,5.39
74d22f7d-a8d9-488b-9a4c-6078d7ca504e,"The emails provided by American Oversight show the level of coordination between the Tarrant County group, called Tarrant County Citizens for Election Integrity, and like-minded organizations across the state.",alternet,0,non-biased,non-biased,Neutral attribution language to a specific source.,"{""label"": ""non-biased"", ""rationale"": ""Neutral attribution language to a specific source.""}",0,False,5.53
dc73a23b-cd58-48e5-98d2-374a16c1f6a9,"An individual standing up with just a microphone, and within 30 seconds to a minute, they can set up a premise, knock it down and have you laughing, and do that over and over again for an hour?",christianity-today,0,non-biased,biased,Loaded evaluative language: 'laughing' implies high entertainment value,"{""label"": ""biased"", ""rationale"": ""Loaded evaluative language: 'laughing' implies high entertainment value""}",0,False,6.33
dd22debf-e2a9-470d-b170-833fc040ecb8,Chaos and comedy ensue as the boyfriend is put through the wringer by his new girlfriend's family.,az-central,1,biased,biased,Loaded evaluative language: 'wringer' implies a negative experience,"{""label"": ""biased"", ""rationale"": ""Loaded evaluative language: 'wringer' implies a negative experience""}",0,False,6.04
838cd883-909d-42d8-918c-99a7306b2c09,We begin in the Batshit Crazy Repressive Laws State Copper State (really?,alternet,1,biased,biased,Loaded and evaluative language used to describe a place,"{""label"": ""biased"", ""rationale"": ""Loaded and evaluative language used to describe a place""}",0,False,5.27
e09c8600-a687-41c4-979f-563fd8791ac3,Private recruitment agencies sell the idea of working in Malta by offering attractive salaries.,al-jazeera,0,non-biased,biased,Loaded language: 'attractive' implies a positive evaluation,"{""label"": ""biased"", ""rationale"": ""Loaded language: 'attractive' implies a positive evaluation""}",0,False,5.46
2392cecd-7654-4ab6-b409-f04500542fba,"Students retreat into echo chambers where their beliefs go unchecked, and they are readily swept down radical rabbit holes in which Zoomer TikTokers are inexplicably celebrating the philosophy of Osama bin Laden.",new-york-post,1,biased,biased,Loaded evaluative language and unsupported evaluative claims,"{""label"": ""biased"", ""rationale"": ""Loaded evaluative language and unsupported evaluative claims""}",0,False,5.22
142d898a-669f-478d-bc36-026b5cc7536d,As it is the government has proven they haven’t a clue about any of these things.,hotair,1,biased,biased,Loaded evaluative language and subjective framing,"{""label"": ""biased"", ""rationale"": ""Loaded evaluative language and subjective framing""}",0,False,4.77
e8b4edec-c8e1-4a39-9bab-9a7084bd40a2,It was in this pliable reality that the Fisk Jubilee Singers began to make their mark.,the-atlantic,1,biased,biased,Loaded evaluative language ('pliable'),"{""label"": ""biased"", ""rationale"": ""Loaded evaluative language ('pliable')""}",0,False,5.06
c1f1df54-e916-4f29-8fb1-2cf57641d54b,"The once fusty dad-core piece has come a long way since the late 70s when Patagonia’s founder, Yvon Chouinard, explored using the fabric, eventually partnering with Massachusetts-based fabric maker Malden Mills, now Polartec, to create the first fleece.",the-guardian,0,non-biased,biased,Loaded evaluative language: 'fusty',"{""label"": ""biased"", ""rationale"": ""Loaded evaluative language: 'fusty'""}",0,False,5.53
e9a8b493-e067-450d-9fb6-1f32eccacfaf,"Moreover, the focus on short-term tech solutions runs the risk of distracting from the underlying social and political causes of psychological diseases, such as workplace exploitation, financial instability, growing atomization, and limited access to quality health care, food, and housing.",jacobin,1,biased,biased,"Loaded evaluative language: 'distracting', 'underlying social and political causes'","{""label"": ""biased"", ""rationale"": ""Loaded evaluative language: 'distracting', 'underlying social and political causes'""}",0,False,7.09
880145c2-82a3-44b8-897a-4e890f1d1e87,"If the latter, this tells us nothing about its truth or falsehood.",national-catholic-register,0,non-biased,non-biased,Neutral framing of a philosophical concept,"{""label"": ""non-biased"", ""rationale"": ""Neutral framing of a philosophical concept""}",0,False,5.01
fe073722-b790-42fb-940f-3702643f6d2d,"They looked around, saw that some people were doing better, some much better, and they got envious.",cnbc,1,biased,biased,Loaded evaluative language ('envious') frames the emotion as negative.,"{""label"": ""biased"", ""rationale"": ""Loaded evaluative language ('envious') frames the emotion as negative.""}",0,False,6.2
71ba78ea-e1dc-4f0b-8119-4645423ff905,The first was the creation of a Florida tag on the snarky news aggregator Fark.com in the mid-2000s.,reason,0,non-biased,biased,Loaded evaluative language: 'snarky',"{""label"": ""biased"", ""rationale"": ""Loaded evaluative language: 'snarky'""}",0,False,5.27
c04a841a-c417-4945-927d-fb6bac394265,"And then the United States, of course, played this role, which we’ll focus right now on Argentina, in trying to get rid of all of them, and making their lives difficult so that they would be ousted, a number of them by coup d’etat.",fair,1,biased,biased,"Loaded evaluative language: 'get rid of', 'making their lives difficult'","{""label"": ""biased"", ""rationale"": ""Loaded evaluative language: 'get rid of', 'making their lives difficult'""}",0,False,6.71
62b32f93-4f41-4c63-ad99-186e5dca5355,"But what is at stake is whether we, as a human society, will be able to recognize truth, discern reality, and prepare the rising generation to live confidently as image-bearers of God.""",the-christian-post,0,non-biased,biased,Loaded evaluative language with religious connotations,"{""label"": ""biased"", ""rationale"": ""Loaded evaluative language with religious connotations""}",0,False,5.03
603c7e44-1d97-4d5c-b97f-02804a3d1ebb,"Should they be focused on that mother’s inability to send her child to a public school that successfully educates kids, and does so without pushing politically charged policies on sex and race?",the-federalist,1,biased,biased,Loaded evaluative language: 'politically charged policies',"{""label"": ""biased"", ""rationale"": ""Loaded evaluative language: 'politically charged policies'""}",0,False,5.57
bd9caa0f-66f4-4d47-a19c-cf8d0e440d2e,Not that any Hollywood producers were lining up to make this film.,washington-free-beacon,0,non-biased,biased,Loaded language implies negative opinion of the film's prospects,"{""label"": ""biased"", ""rationale"": ""Loaded language implies negative opinion of the film's prospects""}",0,False,5.23
5fe6d98d-fc89-4b31-a898-e4ee707d3aea,"This sunny assessment comes as a surprise to James Hansen, father of climate science, who has calculated that a massive temperature differential between the poles and the equator would occur with an AMOC shutdown, producing superstorms of immense fury across the Atlantic Ocean.",the-intercept,1,biased,biased,"Loaded evaluative language: 'sunny assessment', 'immense fury'","{""label"": ""biased"", ""rationale"": ""Loaded evaluative language: 'sunny assessment', 'immense fury'""}",0,False,6.47
9a0f4f55-2cf9-4501-b704-1149c019a3ca,"In the ensuing documentary, made by Dispatches, women very bravely told of their experiences with Brand in horrifying detail.",the-guardian,1,biased,biased,"Loaded evaluative language ('bravely', 'horrifying')","{""label"": ""biased"", ""rationale"": ""Loaded evaluative language ('bravely', 'horrifying')""}",0,False,6.31
046e417c-afdc-4080-a493-19756a4253b0,"This would mean that the drone program must change in order to treat civilians in Syria, Pakistan and elsewhere with the respect to which they are legally and morally entitled.",the-conversation,1,biased,biased,Loaded evaluative language: 'respect' implies a moral judgment,"{""label"": ""biased"", ""rationale"": ""Loaded evaluative language: 'respect' implies a moral judgment""}",0,False,5.69
135de0e3-9dd9-4c11-b7e3-00a18c1c7ab6,"From the plush mattress to the crisp, expertly tucked white sheets, these beds truly take comfort and indulgence to another level.",cnet,1,biased,biased,Subjective evaluative language on a non-political topic,"{""label"": ""biased"", ""rationale"": ""Subjective evaluative language on a non-political topic""}",0,False,5.83
9a369721-9619-41c8-88e7-68f13603c7d4,"Everything is about sex except sex, which is about blah blah blah.",the-atlantic,1,biased,biased,Loaded evaluative language and subjective framing,"{""label"": ""biased"", ""rationale"": ""Loaded evaluative language and subjective framing""}",0,False,4.62
d6527a8d-ce7a-4f9f-b6ad-1e8170dd882b,"In fact, in 2022, Amazon observed and proactively blocked more than 200 million suspected fake reviews in its stores worldwide.",the-verge,0,non-biased,non-biased,Neutral reporting language with objective facts,"{""label"": ""non-biased"", ""rationale"": ""Neutral reporting language with objective facts""}",0,False,5.1
acf18605-97ae-4f88-a229-19b2039b3701,"The vacancies put huge pressure on House leaders who already struggled to pass partisan legislation, with key appropriations bills either failing or being pulled from consideration because of a lack of GOP support.",npr,0,non-biased,biased,"Loaded evaluative language ('huge pressure', 'struggled')","{""label"": ""biased"", ""rationale"": ""Loaded evaluative language ('huge pressure', 'struggled')""}",0,False,5.92
57e17fec-7720-4900-8163-3a766311cad4,"Afterwards, Fearnley is horrified, both by the crowd’s behaviour and frontman Shane MacGowan’s reaction, which involves turning on his bandmates and delivering them a lecture on human nature.",the-guardian,1,biased,biased,"Loaded evaluative language ('horrified', 'lecture')","{""label"": ""biased"", ""rationale"": ""Loaded evaluative language ('horrified', 'lecture')""}",0,False,5.8
eb07c2c2-69c7-4fb8-877c-38d7d687c56b,"From the September 2015 issue: How Wall Street’s bankers stayed out of jail But this time, the bailout proposal will likely face stiffer opposition, from both parties.",the-atlantic,0,non-biased,biased,Loaded evaluative language ('stayed out of jail'),"{""label"": ""biased"", ""rationale"": ""Loaded evaluative language ('stayed out of jail')""}",0,False,5.51
55e7fd4f-3304-407d-8c92-052e5780ff48,Angela and Justin Plyler died instantly in the crash in 2005.,cbs-news,0,non-biased,non-biased,Neutral reporting of factual information,"{""label"": ""non-biased"", ""rationale"": ""Neutral reporting of factual information""}",0,False,4.86
9f80c557-0320-4701-ab54-6f4a0aa089c5,"Instead of trying to come up with a brand-new plan in a fractious conference, Republicans should rally around pro-growth policies that already unite them.",fox-business,1,biased,biased,Loaded evaluative language and subjective framing,"{""label"": ""biased"", ""rationale"": ""Loaded evaluative language and subjective framing""}",0,False,4.84
dd9ced79-73df-4d3a-bb6f-ba68afa5cfe1,"Vogue’s Favorite Meal Delivery Services of 2023: Best for Health and Wellness: Sakara Life, starting at $67 per week Sakara Life, starting at $67 per week Best for Endless Options: Home Chef, starting at $8 per serving Home Chef, starting at $8 per serving Best for Michelin-Chef Dining at Home: CookUnity, starting at $8 per meal CookUnity, starting at $8 per meal Best for the Home Chef: Hungryroot, starting at $65 per delivery Hungryroot, starting at $65 per delivery Best for Date Night: Blue Apron, starting at $61 per week Blue Apron, starting at $61 per week Best for Quick and Easy Meals: Factor, starting at $11 per meal Sakara Life’s Instagram-friendly prepackaged meals have long been the fashion flock’s go-to for a quick reset, but if a deep clean is in need, look no further than the brand’s multi-week programs, which let you reap the benefits of the Lily Aldridge-approved holistic service from the comfort of your own home.",vogue,0,non-biased,biased,Loaded evaluative language and subjective framing,"{""label"": ""biased"", ""rationale"": ""Loaded evaluative language and subjective framing""}",0,False,6.88
ade1a0cb-8c48-44c8-9d09-1b7955e000e5,"MPI/Getty Images Disputed legacy Kissinger is widely seen as shrugging off responsibility for wartime decisions and the toll of the campaign in Cambodia, which government documents indicate he helped devise.",cnn,1,biased,biased,Loaded evaluative language ('shrugging off responsibility'),"{""label"": ""biased"", ""rationale"": ""Loaded evaluative language ('shrugging off responsibility')""}",0,False,5.4
c67c4384-a185-4e2d-998b-35c7ca8b598b,"So they could have stepped in, create laboratories, and plenty of unlimited resources.",alternet,0,non-biased,biased,Loaded evaluative language: 'plenty of unlimited resources',"{""label"": ""biased"", ""rationale"": ""Loaded evaluative language: 'plenty of unlimited resources'""}",0,False,5.63
6e548037-b267-45c6-8692-fbd7e202a2fc,"Then, according to auditors, when roads needed maintenance between 2018 and 2022, RDIC put it off, running costs up even higher.",the-federalist,0,non-biased,biased,loaded evaluative language: 'put it off' implies intentional neglect,"{""label"": ""biased"", ""rationale"": ""loaded evaluative language: 'put it off' implies intentional neglect""}",0,False,5.9
9be35775-698e-4fea-9fe3-3a94e2f174e2,"More than a thousand occupations have been closed to anyone who fails to kowtow to absurd state licensing requirements, from fortune tellers in Massachusetts to anyone rubbing feet in Arizona.",new-york-post,1,biased,biased,Loaded evaluative language: 'absurd',"{""label"": ""biased"", ""rationale"": ""Loaded evaluative language: 'absurd'""}",0,False,5.22
6f7a917b-1b82-45e8-9fc5-d23e9cf42f36,In disguise: Oldman’s Oscar-winning performance as Winston Churchill in Darkest Hour.,the-guardian,1,biased,biased,Loaded evaluative language: 'Oscar-winning',"{""label"": ""biased"", ""rationale"": ""Loaded evaluative language: 'Oscar-winning'""}",0,False,5.34
dee43806-589e-4595-886c-d5cbffaab59d,"Hunter, at the time, was deeply involved in sketchy business relationships with Ukraine’s Burisma Holdings and the CCP-linked CEFC China Energy.",american-greatness,1,biased,biased,Loaded evaluative language: 'sketchy',"{""label"": ""biased"", ""rationale"": ""Loaded evaluative language: 'sketchy'""}",0,False,5.34
fc285181-bb26-420d-b6ec-02a3f16eea30,He had been a member of the Steelworkers for eleven years at the Goodyear tire factory in Anniston.,jacobin,0,non-biased,non-biased,Neutral factual description of employment history,"{""label"": ""non-biased"", ""rationale"": ""Neutral factual description of employment history""}",0,False,5.31
9ef3a848-8669-484a-b223-89afac48a4da,"If we engage with the UN in the future, it will be on our terms, with the full backing of the Senate and an iron-clad escape clause,"" the senator continued, addressing a possible future relationship with the UN.",townhall,0,non-biased,biased,"Loaded language ('iron-clad', 'on our terms')","{""label"": ""biased"", ""rationale"": ""Loaded language ('iron-clad', 'on our terms')""}",0,False,5.93
d61e2e9b-7668-4e78-b122-16497fe74a46,An uncertain future for the mixed boreal forest The combined impact of rising temperatures (2-8°C by 2100) and forest management in the boreal mixedwood forest could alter the growth and distribution of temperate species.,the-conversation,0,non-biased,non-biased,"Neutral, factual language describing potential environmental consequences","{""label"": ""non-biased"", ""rationale"": ""Neutral, factual language describing potential environmental consequences""}",0,False,5.71
0d17b5d5-6a90-4e4f-806e-30ab241d3a50,"It's a great conversation about economics, progress, science fiction-and kitchen gadgets.",reason,0,non-biased,biased,Loaded evaluative language ('great') on a non-political topic,"{""label"": ""biased"", ""rationale"": ""Loaded evaluative language ('great') on a non-political topic""}",0,False,5.84
9ed63520-6c80-422d-a596-ac6161954f0f,"The Great Reset-ers in this film don’t quite twirl their moustache like the World Economic Forum does, probably because the filmmakers thought audiences would find that kind of evil too unbelievable.",newsmax,1,biased,biased,Loaded evaluative language and tone,"{""label"": ""biased"", ""rationale"": ""Loaded evaluative language and tone""}",0,False,4.64
10d8d165-1df8-4bdf-ad51-bddc31e638dd,Early Modern Europeans were living through a rapid geographical shrinking of Christendom just as the Western Church also began to crack.,christianity-today,0,non-biased,biased,"Loaded evaluative language ('crack', implying weakness or instability)","{""label"": ""biased"", ""rationale"": ""Loaded evaluative language ('crack', implying weakness or instability)""}",0,False,6.08
18dde239-ee1d-4b86-b0ec-07ef4881d162,"Shockingly, we found that a 2 C temperature rise equates to a billion prematurely dead people over the next century, killed as a result of a wide range of global warming related climate breakdowns.",the-conversation,1,biased,biased,"Loaded evaluative language: 'shockingly', 'prematurely dead'","{""label"": ""biased"", ""rationale"": ""Loaded evaluative language: 'shockingly', 'prematurely dead'""}",0,False,6.75
23146601-3bfa-44c7-9b44-4884db51300e,It was Thomas Hobbe's Leviathan that introduced the total absolute boundaries of the nation state.,american-thinker,0,non-biased,biased,presupposes a conclusion about significance,"{""label"": ""biased"", ""rationale"": ""presupposes a conclusion about significance""}",0,False,4.78
71365705-375d-49f5-984a-47ca5eeae038,They need to know why a Chinese-Russian alliance threatens the United States.,foreign-affairs,1,biased,biased,Loaded evaluative language: 'threatens',"{""label"": ""biased"", ""rationale"": ""Loaded evaluative language: 'threatens'""}",0,False,5.03
24110560-970b-498f-ba70-93cca8f9af3d,"So there's usually four different suit styles you can unlock for that suit, which means we have over 200 different suits in the game, which is crazy.",wired,1,biased,biased,subjective evaluative language,"{""label"": ""biased"", ""rationale"": ""subjective evaluative language""}",0,False,4.41
14c6f92f-80cc-4396-8175-b37772e1e615,"The NHS will struggle to care properly for patients when junior doctors in England stage the longest strike in the service’s history this winter, hospital bosses have said after the collapse of pay talks.",the-guardian,1,biased,biased,"Loaded evaluative language: 'struggle', 'longest strike'","{""label"": ""biased"", ""rationale"": ""Loaded evaluative language: 'struggle', 'longest strike'""}",0,False,6.16
114a3884-b5c1-4300-b8db-7b87ede9236c,Researchers are working on developing data analytics tools that better protect privacy and make progress on eliminating the trade-off.,the-conversation,0,non-biased,non-biased,Neutral language used to describe a technical development goal.,"{""label"": ""non-biased"", ""rationale"": ""Neutral language used to describe a technical development goal.""}",0,False,5.98
f62e1f87-aa35-4e56-bc61-3b45ceae64cf,"Senate Majority Leader Charles E. Schumer, New York Democrat, will hold a vote on Mr. Biden’s package later this week unless an agreement is reached.",washington-times,0,non-biased,non-biased,Neutral attribution language and factual reporting of plans.,"{""label"": ""non-biased"", ""rationale"": ""Neutral attribution language and factual reporting of plans.""}",0,False,5.7
1f6e77b4-6185-4270-a976-a1158a67f7ef,Hegel and the Rise of Modern Values Bourke views the rehabilitation of Hegel not as a mere academic concern but as pivotal to what he sees as the defense of the liberal West against its cultured despisers.,jacobin,1,biased,biased,Loaded evaluative language ('cultured despisers'),"{""label"": ""biased"", ""rationale"": ""Loaded evaluative language ('cultured despisers')""}",0,False,5.39
87de9b3e-c51c-48ed-bcc6-55f14dd013dd,"These omissions aren't deal-breakers, however, for the Modern 15 B13M, which costs $950 and offers competitive midrange performance wrapped in an attractive and sturdy metal-and-plastic chassis.",cnet,1,biased,biased,"Loaded evaluative language: 'attractive', 'sturdy'","{""label"": ""biased"", ""rationale"": ""Loaded evaluative language: 'attractive', 'sturdy'""}",0,False,6.04
79a9b1eb-9c23-4d2e-b950-18f7a661a77a,So learn how to masse and jump and that obviously doesn't go very well for your cloths.,wired,1,biased,biased,"Loaded evaluative language ('obviously', 'doesn't go very well')","{""label"": ""biased"", ""rationale"": ""Loaded evaluative language ('obviously', 'doesn't go very well')""}",0,False,6.34
f49fa099-0b7c-4162-8b24-ce856da8dde2,"In her beautifully crafted memoir, she applies them not only to her profession but also to her fraught relationships with her Cuban Jewish parents.",christian-science-monitor,1,biased,biased,Loaded evaluative language: 'beautifully crafted',"{""label"": ""biased"", ""rationale"": ""Loaded evaluative language: 'beautifully crafted'""}",0,False,5.6
3a4e07b9-5420-4368-bac3-84bb597cc670,The new survey's findings about the rise in support for political violence are particularly troubling.,alternet,1,biased,biased,Loaded evaluative language: 'troubling',"{""label"": ""biased"", ""rationale"": ""Loaded evaluative language: 'troubling'""}",0,False,5.28
c2df1a75-b5e3-46a0-bb8c-c9d4dd921a88,"They were the hard core, Marxist-inspired Black Lives Matter crowd rampaging through one city after another.",the-american-spectator,1,biased,biased,Loaded evaluative language and pejorative framing,"{""label"": ""biased"", ""rationale"": ""Loaded evaluative language and pejorative framing""}",0,False,5.19
28f5a079-47cf-41f2-825e-5c5f8d2631bf,"Researchers found that the age at menopause was associated with reduced handgrip strength, but not the age at which menstruation began.",newsmax,0,non-biased,non-biased,Neutral reporting language and objective findings,"{""label"": ""non-biased"", ""rationale"": ""Neutral reporting language and objective findings""}",0,False,5.08
d416bc92-bc87-4b97-b801-bd5c6a7e9013,"This package from Pork Choppers Aviation includes two hours in the air, weapons, ammo, and a fully edited HD video of your hunt.",the-federalist,0,non-biased,biased,Loaded evaluative language: 'fully edited HD video' implies high quality,"{""label"": ""biased"", ""rationale"": ""Loaded evaluative language: 'fully edited HD video' implies high quality""}",0,False,6.08
0cf37e3d-01c0-4afd-9fe3-99d34509e14c,"Starting in January, most foreign graduate students also will no longer be able to bring family members to the U.K. Cleverly said the new measures would reduce by 300,000 the number of people eligible to move to Britain in future years.",abc-news,0,non-biased,biased,Loaded evaluative language: 'Cleverly' implies approval,"{""label"": ""biased"", ""rationale"": ""Loaded evaluative language: 'Cleverly' implies approval""}",0,False,5.91
42374e8b-d80d-4525-8099-6185524951f0,Marisa Wojcik (voice-over): For those who stayed they must now navigate a law that many doctors feel is unclear.,newsbusters,0,non-biased,biased,presumes doctors' opinion as fact,"{""label"": ""biased"", ""rationale"": ""presumes doctors' opinion as fact""}",0,False,5.03
3529c866-5aba-4f29-8225-25d11a035148,"We gazed sadly at areas of the forest that were completely blackened, now populated only by charred, barren trunks.",christianity-today,0,non-biased,biased,"Loaded evaluative language ('sadly', 'blackened', 'charred', 'barren')","{""label"": ""biased"", ""rationale"": ""Loaded evaluative language ('sadly', 'blackened', 'charred', 'barren')""}",0,False,7.47
c7d22535-0f18-40b0-803c-9357ac514398,"Photo-Illustration: The Strategist; Photos: Retailers As opinionated as teenage boys are, they can be a bit hard to read.",new-york-magazine,0,non-biased,biased,Loaded evaluative language: 'opinionated' and 'hard to read',"{""label"": ""biased"", ""rationale"": ""Loaded evaluative language: 'opinionated' and 'hard to read'""}",0,False,6.45
32bb400b-832e-416f-95d8-63fe1d226e4f,"The second reason is that, as in Bakhmut, Zelensky seems to be fully committing the Ukrainian armed forces to holding Avdiivka.",infowars,0,non-biased,biased,"Loaded evaluative language ('fully committing', 'seems to be')","{""label"": ""biased"", ""rationale"": ""Loaded evaluative language ('fully committing', 'seems to be')""}",0,False,6.07
92d4a4eb-f13a-47e0-aa32-4e55e349783b,"Reshma Ramachandran, a family physician at Yale, told me that if the early Xocova results hold up in additional trials, she’d be inclined to prescribe it to her vaccinated patients in place of Paxlovid, simply because the evidence supporting its use is more direct.",the-atlantic,0,non-biased,non-biased,Neutral attribution and framing of medical opinion,"{""label"": ""non-biased"", ""rationale"": ""Neutral attribution and framing of medical opinion""}",0,False,5.54
c8095ce4-bc74-441b-80f2-20e15664d588,It was a common observation during Trump's first term that his short attention span and consistent incompetence were a saving grace.,alternet,1,biased,biased,Loaded evaluative language: 'incompetence',"{""label"": ""biased"", ""rationale"": ""Loaded evaluative language: 'incompetence'""}",0,False,5.51
7ab2ac14-b73b-4cd8-9c3b-0445201fde03,"In the movies themselves, from Marlon Brando in On the Waterfront to Sylvester Stallone in FIST to Peter Sellers’ Hitler-moustached shop steward Fred Kite in I’m All Right Jack, there is a long tradition of showing unions and union activity as dramatically compromised.",the-guardian,1,biased,biased,Loaded evaluative language: 'dramatically compromised',"{""label"": ""biased"", ""rationale"": ""Loaded evaluative language: 'dramatically compromised'""}",0,False,5.74
9906fcf6-d74d-4e55-8591-fcefd886e5d4,The power of the Holy Spirit to manifest Christlike qualities in us is truly miraculous.,the-christian-post,0,non-biased,biased,Loaded evaluative language: 'truly miraculous',"{""label"": ""biased"", ""rationale"": ""Loaded evaluative language: 'truly miraculous'""}",0,False,5.28
2a997b4f-da4b-427d-b3f8-93ffff8026b5,One is sometimes appalled to hear of the words and deeds of these men ; but one need only consider their position in order to understand that anyone in their place would act as they do.,alternet,0,non-biased,non-biased,"Neutral framing, explaining context rather than making evaluative claims","{""label"": ""non-biased"", ""rationale"": ""Neutral framing, explaining context rather than making evaluative claims""}",0,False,6.19
314bf1d1-8b2a-4cbc-a82e-18061959b1be,That made me suspect that legislators being given these claims may also misunderstand how very different DBFOM procurement is from conventional design-build (DB) and design-bid-build (DBB) procurement.,reason,1,biased,biased,loaded evaluative language: 'misunderstand',"{""label"": ""biased"", ""rationale"": ""loaded evaluative language: 'misunderstand'""}",0,False,5.41
ab83cf64-1759-4632-92e1-9f05b76c2206,"Apple popularized Centre Stage as a feature with video calling apps like Facetime, wherein the front camera would zoom in and keep the viewfinder focused on individuals even as they move around.",the-verge,0,non-biased,non-biased,Neutral description of technical feature,"{""label"": ""non-biased"", ""rationale"": ""Neutral description of technical feature""}",0,False,5.01
bdedc574-e88c-4e02-9b5c-dff898cada71,"The disgraced former lawmaker accused the group of varying wrongdoings, including insider stock trading, abusing taxpayer money and campaign finance violations.",washington-times,0,non-biased,biased,Loaded evaluative language: 'disgraced',"{""label"": ""biased"", ""rationale"": ""Loaded evaluative language: 'disgraced'""}",0,False,5.27
cd2ec133-7ef2-4077-abc3-5404ebafa27a,The political branch of the powerful Koch network is facing scrutiny as operatives chafe against a decision to endorse Nikki Haley for president that many see as out of step with their values.,cnbc,1,biased,biased,loaded evaluative language ('out of step with their values'),"{""label"": ""biased"", ""rationale"": ""loaded evaluative language ('out of step with their values')""}",0,False,5.68
80fa12fd-eaf5-40cd-86ac-735320549033,"Katniss’s story was about a political awakening, and the films were about a wide-scale revolution.",the-atlantic,0,non-biased,biased,Loaded evaluative language: 'wide-scale revolution',"{""label"": ""biased"", ""rationale"": ""Loaded evaluative language: 'wide-scale revolution'""}",0,False,5.44
d2e058e5-e35a-487c-aeb4-625e64e0b7f6,"And we think about - you know, rape and the use of rape as being used as a - as a weapon, that is also reprehensible and that’s full stop, and I’ll just leave it there and I’m speaking for the president of the United States.",townhall,1,biased,biased,Loaded evaluative language: 'reprehensible',"{""label"": ""biased"", ""rationale"": ""Loaded evaluative language: 'reprehensible'""}",0,False,5.55
cae3ed10-bdde-4f49-94e9-83c2ecccafb3,"So, here’s a preemptive strike that will help people of faith enjoy the Christmas season.",fox-news,0,non-biased,biased,Loaded evaluative language and subjective framing,"{""label"": ""biased"", ""rationale"": ""Loaded evaluative language and subjective framing""}",0,False,4.79
7fbc80f9-c567-472d-82b2-887cd26665af,"The Left may have been targeting high-powered online sellers and businesses, but this reporting rule would have hit women and middle- and low-income households.",fox-business,1,biased,biased,"Loaded evaluative language ('high-powered', 'women' as a group to be protected)","{""label"": ""biased"", ""rationale"": ""Loaded evaluative language ('high-powered', 'women' as a group to be protected)""}",0,False,6.91
f1535066-b964-4250-be22-3f06d746b947,Thompson did not return a request for comment from Just the News left with his office.,just-the-news,0,non-biased,non-biased,Neutral attribution language and factual reporting,"{""label"": ""non-biased"", ""rationale"": ""Neutral attribution language and factual reporting""}",0,False,5.1
238b41ed-1393-4076-bcd9-afb6d2281084,Keep in mind as they again tee up immigration as their focus for 2022.,alternet,1,biased,biased,Loaded evaluative language and implication of a negative agenda,"{""label"": ""biased"", ""rationale"": ""Loaded evaluative language and implication of a negative agenda""}",0,False,5.29
3427b838-f7f4-4284-8bd5-60a0f1f58de3,"Although certainly a visionary at a young age, Bousfield had no idea that he'd be the man to make one.",usa-today,0,non-biased,biased,Loaded evaluative language ('visionary'),"{""label"": ""biased"", ""rationale"": ""Loaded evaluative language ('visionary')""}",0,False,5.22
fdefbbf1-4c6b-49af-8997-b456b5e9fdb6,"Some have organized a book club, a monthly hike, or a regular dinner party.",the-atlantic,0,non-biased,non-biased,Neutral description of activities without evaluative language,"{""label"": ""non-biased"", ""rationale"": ""Neutral description of activities without evaluative language""}",0,False,5.5
5f2d1f87-c536-435f-9ef1-d4ccc322d613,"Later Ansa finds herself in a karaoke bar where she meets a construction worker called Holappa (Jussi Vatanen), and there is a heartmelting connection between these two lonely people.",the-guardian,0,non-biased,biased,Loaded evaluative language: 'heart-melting',"{""label"": ""biased"", ""rationale"": ""Loaded evaluative language: 'heart-melting'""}",0,False,5.59
cc2f9b2d-43f7-4f21-88dc-161a98240b09,"It’s a slim book, but it packs in tons of quotations, many of which are quite jaw-dropping and all of which demonstrate that the more things change, the more they stay the same.",current-affairs,1,biased,biased,Loaded evaluative language ('jaw-dropping'),"{""label"": ""biased"", ""rationale"": ""Loaded evaluative language ('jaw-dropping')""}",0,False,5.24
af81278a-aac3-46b8-a5dc-0860f9288ca0,Nightly room rates start at SG$398 ($296) and some rooms even come with a bathtub and king-sized bed.,cnbc,0,non-biased,biased,Evaluative language on non-essential amenities,"{""label"": ""biased"", ""rationale"": ""Evaluative language on non-essential amenities""}",0,False,5.43
16c3c231-dcbe-4ab5-83b0-1adb5143179f,"In your brochure, if you wanna be completely unethical or joyous, female blonde people with blue eyes, you got 'em.",vogue,1,biased,biased,Loaded evaluative language and subjective framing,"{""label"": ""biased"", ""rationale"": ""Loaded evaluative language and subjective framing""}",0,False,5.07
04e785ea-8b17-4143-a8d0-94aa0de02a69,"A recurrent visual gag in the film is that the characters lie about all day reading Harry Potter, despite having a library full of first editions at their disposal.",the-guardian,0,non-biased,biased,Loaded evaluative language ('despite having a library full of first editions'),"{""label"": ""biased"", ""rationale"": ""Loaded evaluative language ('despite having a library full of first editions')""}",0,False,6.27
92693f75-40ec-47f5-a73a-b24adaa2dde8,Researchers from the University of Virginia School of Medicine have discovered a potential novel treatment for depression and anxiety.,newsmax,0,non-biased,non-biased,Neutral language used to report scientific discovery,"{""label"": ""non-biased"", ""rationale"": ""Neutral language used to report scientific discovery""}",0,False,5.42
98993f99-bb86-42cf-979f-1c9d774f3a24,"DeSantis can’t see, or won’t admit, that it is often originalism that is selective with evidence.",alternet,1,biased,biased,Loaded evaluative language and unsupported claim about DeSantis' intentions,"{""label"": ""biased"", ""rationale"": ""Loaded evaluative language and unsupported claim about DeSantis' intentions""}",0,False,6.12
f95e134a-b7f6-428c-9c8b-ea6b1a4a500b,"Once the pandemic ushered in all-new moral atrocities, they could no longer morally justify staying silent and complicit about an industry that has long provided them and much of their community with employment.",alternet,1,biased,biased,"Loaded evaluative language ('moral atrocities', 'complicit')","{""label"": ""biased"", ""rationale"": ""Loaded evaluative language ('moral atrocities', 'complicit')""}",0,False,5.97
f999e579-1a19-497c-aab0-c256594d32d6,This rejiggering of who pays that $100 and how doesn’t do anything to actually reduce California’s crazy high electricity rates.,boston-herald,1,biased,biased,Loaded evaluative language: 'crazy high',"{""label"": ""biased"", ""rationale"": ""Loaded evaluative language: 'crazy high'""}",0,False,5.63
2711f999-1334-4649-b920-8730e25ea186,"Democratic lawmakers in the House have stopped pushing the president's slogan in press releases and on social media, per Axios.",washington-examiner,0,non-biased,non-biased,"Neutral attribution language, no loaded evaluative terms","{""label"": ""non-biased"", ""rationale"": ""Neutral attribution language, no loaded evaluative terms""}",0,False,5.87
f45dc059-885c-4e9e-b384-9d4813e1e58a,"Etsy If they have a recipe in the family that they hold close to their heart, this cutting board that can be customized into a handwritten recipe card is the perfect gift.",new-york-post,0,non-biased,biased,Loaded evaluative language: 'perfect',"{""label"": ""biased"", ""rationale"": ""Loaded evaluative language: 'perfect'""}",0,False,4.96
9444a91d-ba9d-4aba-a979-b542eff36fbe,"But as today’s monstrous, deadly heatwaves overtake large parts of Asia, Europe and North America with temperatures the likes of which we have never experienced, we find even 1.2C of global warming isn’t safe.",alternet,1,biased,biased,"Loaded evaluative language: 'monstrous', 'deadly'","{""label"": ""biased"", ""rationale"": ""Loaded evaluative language: 'monstrous', 'deadly'""}",0,False,6.3
76c30edb-324a-4dfc-8d01-1ad48e7b5209,They brutally murdered women and children to perpetuate their political goals.,american-greatness,1,biased,biased,"Loaded evaluative language ('brutally', 'murdered')","{""label"": ""biased"", ""rationale"": ""Loaded evaluative language ('brutally', 'murdered')""}",0,False,5.9
7fac4943-046d-4d06-8ce7-2fa893d9a7c8,Metro Phoenix restaurants fared better in November with thirty-five new restaurants opening and several restaurants receiving national attention.,az-central,1,biased,non-biased,"Neutral reporting language, factual description of economic data","{""label"": ""non-biased"", ""rationale"": ""Neutral reporting language, factual description of economic data""}",0,False,5.82
f9697de8-c087-41a7-8456-916b0822cc53,"CBS Reports heads to Taiwan to examine how the Taiwanese are building resistance in the face of growing threats, and the global stakes of the island’s fate.",cbs-news,0,non-biased,biased,"Loaded language: 'growing threats', 'global stakes'","{""label"": ""biased"", ""rationale"": ""Loaded language: 'growing threats', 'global stakes'""}",0,False,5.68
2aac113f-f38d-41d7-96b7-32c2a2c274dc,"The RIA community has been relatively slow to adapt to cryptos, with good reason.",cnbc,1,biased,biased,"Loaded evaluative language ('slow', 'good reason')","{""label"": ""biased"", ""rationale"": ""Loaded evaluative language ('slow', 'good reason')""}",0,False,5.49
0bd18da4-b277-40d6-817d-c09d3f322042,"American elites recoiled in disgust when Iranians in great numbers took to the streets to honor one of their monsters, Qassem Soleimani, after a U.S. drone strike executed the Iranian external security chief in January 2020.",occupy-democrats,1,biased,biased,"Loaded evaluative language: 'monsters', 'recoiled in disgust'","{""label"": ""biased"", ""rationale"": ""Loaded evaluative language: 'monsters', 'recoiled in disgust'""}",0,False,6.67
922b3394-15c1-4397-b92c-138f580c19bf,Voluntary commitments are a dangerous distraction from what is needed at COP28.,the-verge,1,biased,biased,Loaded evaluative language: 'dangerous distraction',"{""label"": ""biased"", ""rationale"": ""Loaded evaluative language: 'dangerous distraction'""}",0,False,5.23
5f5b9fe7-cc4d-4d88-88f8-fe6cea09d33d,Desperate transgressors need to dig deeper in search of an edgy cause - and they’ve found one in the Israel-Palestine conflict.,new-york-post,1,biased,biased,Loaded evaluative language: 'desperate transgressors',"{""label"": ""biased"", ""rationale"": ""Loaded evaluative language: 'desperate transgressors'""}",0,False,5.7
6454f237-28d4-4be9-91e7-1e74786ae2cb,"Throughout this pandemic, USDA has made full use of our authorities to support governors and state agencies administering our programs to ensure that benefits get to the kids and families that need it most.",alternet,0,non-biased,biased,Loaded evaluative language ('need it most'),"{""label"": ""biased"", ""rationale"": ""Loaded evaluative language ('need it most')""}",0,False,5.23
c508f552-cbf4-482b-9d3b-ed9b7612267a,"In the last two decades, we have broken many huge stories, defended the Constitution, championed Americans’ God-given rights, boldly upheld the sanctity of life, exposed corruption and abuse, and endeavored to fulfill the Founding Fathers’ notion of a truly free press.",wnd,1,biased,biased,Loaded evaluative language and unsupported evaluative claims,"{""label"": ""biased"", ""rationale"": ""Loaded evaluative language and unsupported evaluative claims""}",0,False,5.41
f1da63a7-412a-468e-8d60-306eb9dcffe3,"We're doing some research right now on small churches, and small church pastors, when we interview them, will talk about being interested in the spiritual growth of their people.",christianity-today,0,non-biased,non-biased,"Neutral reporting language, no loaded or evaluative terms.","{""label"": ""non-biased"", ""rationale"": ""Neutral reporting language, no loaded or evaluative terms.""}",0,False,6.08
08f66cbc-df88-4dbf-9b8a-d7ce12ee77fd,That will happen only when our would-be green masters put gasoline-powered cars totally out of reach.,washington-times,1,biased,biased,Loaded evaluative language: 'would-be green masters' and 'totally out of reach',"{""label"": ""biased"", ""rationale"": ""Loaded evaluative language: 'would-be green masters' and 'totally out of reach'""}",0,False,7.05
fabb6d07-440c-448d-927e-56aa27fa7671,"The crisis was eventually forestalled by the Federal Reserve offering to lend to banks against the face value, rather than the market value, of their Treasuries, easing the pressure on their balance sheets.",the-economist,0,non-biased,non-biased,"Neutral reporting language, objective description of economic events","{""label"": ""non-biased"", ""rationale"": ""Neutral reporting language, objective description of economic events""}",0,False,5.77
5831ae6b-9abf-4a1f-bebe-b1c1cce59479,The former president undermined the political system in the US and sowed doubt about the integrity of the country's elections.,alternet,1,biased,biased,"Loaded evaluative language: 'undermined', 'sowed doubt'","{""label"": ""biased"", ""rationale"": ""Loaded evaluative language: 'undermined', 'sowed doubt'""}",0,False,6.43
059a4706-0537-4e66-ac4f-958937ef9283,Aidan Milliff is a PhD candidate in political science at MIT.,alternet,0,non-biased,non-biased,Neutral factual description of academic credentials,"{""label"": ""non-biased"", ""rationale"": ""Neutral factual description of academic credentials""}",0,False,5.02
a6bccaf6-f76c-45a7-98e2-8c21a0a089a8,"Well, David, it is great to have you with us on the podcast today.",christianity-today,0,non-biased,non-biased,Neutral greeting language,"{""label"": ""non-biased"", ""rationale"": ""Neutral greeting language""}",0,False,4.58
bb087f31-546a-4de7-ba04-fa310fd91b36,But how do we know that these are days that we will see the mark of the beast?,the-christian-post,1,biased,biased,Loaded language with a presupposed conclusion,"{""label"": ""biased"", ""rationale"": ""Loaded language with a presupposed conclusion""}",0,False,4.81
4715f4a2-3b34-4342-8de4-a492f440c013,"Regardless of some students’ decisions not to attend, these institutions will maintain their admission revenue by admitting a set number of students each year.",fox-news,0,non-biased,non-biased,Neutral language used to report on institutional policy,"{""label"": ""non-biased"", ""rationale"": ""Neutral language used to report on institutional policy""}",0,False,5.45
1bcb6c09-0185-4f25-b989-6f9b20035602,"Before World War II, women had generally been discouraged from working outside the home.",alternet,1,biased,non-biased,Neutral historical reporting language,"{""label"": ""non-biased"", ""rationale"": ""Neutral historical reporting language""}",0,False,4.7
31da74fd-feb5-4214-a7aa-9ec5cb8113cb,"The day after Stewart’s announcement, both The Washington Post and The New York Times placed Bill Clark on a short list that had also included then-current Attorney General William French Smith.",national-catholic-register,0,non-biased,non-biased,Neutral attribution language to news sources,"{""label"": ""non-biased"", ""rationale"": ""Neutral attribution language to news sources""}",0,False,5.15
10ddd53a-9b3d-4341-8d2b-5f87fb8b4c3a,"However, Community Notes on X account for the vast majority of times users were affected by secondhand censorship, totaling 1,408,169,948 times X harmed users with its fact-checking system.",newsbusters,0,non-biased,biased,Loaded evaluative language: 'harmed users',"{""label"": ""biased"", ""rationale"": ""Loaded evaluative language: 'harmed users'""}",0,False,5.49
f127c4bb-6b68-4b52-b59d-f05a847b5a11,All this makes it difficult to say precisely what optimal leftist messaging about the economy should look like.,new-york-magazine,1,biased,non-biased,Neutral framing of a controversial topic with no loaded language.,"{""label"": ""non-biased"", ""rationale"": ""Neutral framing of a controversial topic with no loaded language.""}",0,False,6.09
886c98ad-d392-4e7c-92ae-47b4eb292eb4,"The trees are a symbol of Lebanon, pictured at the center of the national flag.",abc-news,0,non-biased,non-biased,Neutral description of a factual aspect of a country's symbolism,"{""label"": ""non-biased"", ""rationale"": ""Neutral description of a factual aspect of a country's symbolism""}",0,False,6.05
696e91c7-60f8-4edf-9954-abc0cd0bf523,"Although this represents an enormous increase at first glance, the base GDP value was extremely low after having been as high as $2.5 trillion in 1989.",newsmax,0,non-biased,non-biased,Neutral framing of economic data with contextual explanation,"{""label"": ""non-biased"", ""rationale"": ""Neutral framing of economic data with contextual explanation""}",0,False,5.52
475508ec-f3b9-402a-aae3-18ae29fff6f0,"After some time away, Swift released 2017's Reputation, an album full of both venomous anger and delicate love songs likely inspired by her relationship with Joe Alwyn.",teen-vogue,1,biased,biased,"Loaded evaluative language ('venomous anger', 'delicate love songs')","{""label"": ""biased"", ""rationale"": ""Loaded evaluative language ('venomous anger', 'delicate love songs')""}",0,False,6.5
88c637d8-3958-4293-91c6-a3474a4e4797,"As one of our go-to elevated brands (that we may be wearing as we type), The Frederick Cardigan is a lofty splurge worth making, thanks to its tailored fit, ultra-soft and hypoallergenic fine alpaca material and cozy yet breathable make.",new-york-post,1,biased,biased,"Loaded evaluative language: 'lofty splurge', 'ultra-soft', 'cozy'","{""label"": ""biased"", ""rationale"": ""Loaded evaluative language: 'lofty splurge', 'ultra-soft', 'cozy'""}",0,False,7.62
2696130f-d40d-415e-840a-28be727751af,"Few people want to be seen as a braggart, even less so in a job interview or quarter evaluation.",cnbc,0,non-biased,biased,Loaded evaluative language: 'braggart',"{""label"": ""biased"", ""rationale"": ""Loaded evaluative language: 'braggart'""}",0,False,5.5
84c67025-8d60-43e8-b95c-13232623be74,"The exceptionally bright blast, a gamma-ray burst known as GRB 230307A, happened when two neutron stars met and merged into one.",the-independent,0,non-biased,non-biased,Neutral description of scientific event,"{""label"": ""non-biased"", ""rationale"": ""Neutral description of scientific event""}",0,False,4.95
9e882b71-95b4-4ef4-b81d-21794e7f2f35,The argument being made today for reopening the defined benefit plan for existing and new workers is that the defined benefit plan supposedly provides a better benefit.,reason,0,non-biased,biased,"Loaded evaluative language: 'supposedly' implies doubt, but actually supports claim","{""label"": ""biased"", ""rationale"": ""Loaded evaluative language: 'supposedly' implies doubt, but actually supports claim""}",0,False,6.57
d8027af0-c408-46e8-a206-0c7de174bc24,This isn't surprising as MacDonald also fell outside of the core nucleus of Atomwaffen.,vice,0,non-biased,non-biased,Neutral reporting language used to describe a controversial topic,"{""label"": ""non-biased"", ""rationale"": ""Neutral reporting language used to describe a controversial topic""}",0,False,5.69
f43ba4f2-44c2-42cc-976a-7d000b8d73ed,"The former VP, who recently dropped out of running against Trump in the 2024 election, has previously expressed his willingness to testify - and has been the most outspoken former Trump ally to trash his claims of voter fraud.",new-york-post,1,biased,biased,Loaded evaluative language: 'trash',"{""label"": ""biased"", ""rationale"": ""Loaded evaluative language: 'trash'""}",0,False,5.17
4ca862ea-031d-49fd-9d43-87b14fe4aab9,"Multiple media outlets, both foreign and domestic, have reported that the surge in respiratory illnesses has pushed pediatric units across the country to their limits, although there appears to be no firm total figure available.",washington-examiner,0,non-biased,non-biased,"Neutral reporting language, objective attribution","{""label"": ""non-biased"", ""rationale"": ""Neutral reporting language, objective attribution""}",0,False,5.21
cf5d4374-84dc-486e-97ff-a989618f9002,"Try as DeSantis might to distract from and disguise his disastrous record, Floridians know what’s what.",msnbc,1,biased,biased,Loaded evaluative language: 'disastrous',"{""label"": ""biased"", ""rationale"": ""Loaded evaluative language: 'disastrous'""}",0,False,5.51
89f51892-05b3-41dd-8106-bd5b6c5136e5,"But sometimes, I’m able to give myself credit for surviving and stringing the seconds together for a chance at getting better tomorrow.",esquire,0,non-biased,biased,"Loaded evaluative language ('surviving', 'getting better')","{""label"": ""biased"", ""rationale"": ""Loaded evaluative language ('surviving', 'getting better')""}",0,False,6.16
2cf8a96b-1a74-42ed-b794-a6b549a72c4a,"Even if DeSantis would struggle to implement his plan’s specifics, what’s appalling is the deliberate message it sends: He would seek to one-up Trump’s hyper-restrictionist agenda, despite all its abominations and the searing social conflict it unleashed.",alternet,1,biased,biased,"Loaded evaluative language: 'appalling', 'abominations'","{""label"": ""biased"", ""rationale"": ""Loaded evaluative language: 'appalling', 'abominations'""}",0,False,6.51
6a6cfccf-6b86-48b8-90e5-bb4cf67a7aa8,"That they will then bring him into the Gaza Strip on the back of an Israeli tank, and that he will be received with rice and flowers by every Palestinian in the Gaza Strip.",the-intercept,1,biased,biased,Loaded evaluative language and optimistic tone,"{""label"": ""biased"", ""rationale"": ""Loaded evaluative language and optimistic tone""}",0,False,4.99
4d552186-a6cf-4284-9dc8-8abd48ec590d,"It insists that no video footage of the incident existed, and paints the defense as attempting to manufacture the appearance of a retraction on the part of the victim by leaking screenshots of text exchanges between Majors and her.",vox,1,biased,biased,Loaded evaluative language and subjective framing,"{""label"": ""biased"", ""rationale"": ""Loaded evaluative language and subjective framing""}",0,False,4.83
733837c8-1bf3-4759-8c94-9e3ec9f3289f,"In fact, Onen rose to object when Uganda’s speaker successfully downplayed the central role that Onen, a member of the ruling party, had played.",the-young-turks,1,biased,biased,Loaded evaluative language ('downplayed') frames action as negative.,"{""label"": ""biased"", ""rationale"": ""Loaded evaluative language ('downplayed') frames action as negative.""}",0,False,5.92
686d7d1c-8c09-493e-89e4-c224ddcbd785,We are attracted to those with whom our genes are more likely to reproduce healthy offspring.,alternet,0,non-biased,non-biased,Neutral description of evolutionary principle,"{""label"": ""non-biased"", ""rationale"": ""Neutral description of evolutionary principle""}",0,False,5.13
2eb5b9a1-759e-47ef-839d-4347c142658b,"Gossip is good, actually The crux of these videos hinges on a common misconception: that gossip is inherently a bad thing.",vox,1,biased,biased,Loaded evaluative language and subjective framing,"{""label"": ""biased"", ""rationale"": ""Loaded evaluative language and subjective framing""}",0,False,5.09
97d5ec9f-047c-4f1a-98f7-f90b4ca1173a,The Australian news media might as well be an arm of the public health bureaucracy.,alternet,1,biased,biased,Loaded evaluative language and subjective framing,"{""label"": ""biased"", ""rationale"": ""Loaded evaluative language and subjective framing""}",0,False,4.7
7531e2ed-a098-4e0f-bc42-fd0bdf13becc,"In doing so, Hailey Bieber tasked herself with answering one of the internet’s most debated questions: How does one serve [insert expletive here] in a God-honoring way?",teen-vogue,1,biased,biased,Loaded evaluative language and presupposition of a conclusion,"{""label"": ""biased"", ""rationale"": ""Loaded evaluative language and presupposition of a conclusion""}",0,False,5.42
5e303134-17ca-4e58-8dc4-8441e3b49045,"Adam and Amber Briggle, parents of a trans son, two other families identified by pseudonyms, and PFLAG filed the suit Wednesday in the District Court of Travis County, Texas.",the-advocate,0,non-biased,non-biased,Neutral attribution language for all parties involved,"{""label"": ""non-biased"", ""rationale"": ""Neutral attribution language for all parties involved""}",0,False,5.42
48fded5d-8894-4ec0-a331-696b51a87186,Was this arbitrary racism or self-protection based on experience in this neighborhood?,current-affairs,0,non-biased,biased,Loaded evaluative language and subjective framing of a controversial topic,"{""label"": ""biased"", ""rationale"": ""Loaded evaluative language and subjective framing of a controversial topic""}",0,False,5.41
31070707-7d2e-425f-8250-f05492db5eba,The accessory market and the after market parts for the Glock are enormous.,alternet,0,non-biased,biased,Loaded evaluative language: 'enormous',"{""label"": ""biased"", ""rationale"": ""Loaded evaluative language: 'enormous'""}",0,False,5.2
66e374eb-4167-46de-a4b1-e097f4449530,"A prolonged invasion, however - should it become that - will be bloody and costly not only for those living in Gaza but for the Israeli military as well, military veterans and analysts say.",cnbc,1,biased,non-biased,"Neutral attribution language, hedged with 'however' and conditional phrasing","{""label"": ""non-biased"", ""rationale"": ""Neutral attribution language, hedged with 'however' and conditional phrasing""}",0,False,6.74
51c385ee-b50c-4f95-b580-86acc98a233d,Kharmandarian turned bullish on the company after a change in management in 2021 saw a seamless transition from a license-based model to a subscription one.,cnbc,1,biased,biased,Loaded evaluative language ('bullish'),"{""label"": ""biased"", ""rationale"": ""Loaded evaluative language ('bullish')""}",0,False,4.96
2a9a7f1a-baf7-4fd3-b5f9-9ec73a36e478,This delusional woman believes that God sent her to stop Trump and called for people to harass any Trump White House officials seen in public.,american-greatness,1,biased,biased,Loaded evaluative language ('delusional') and emotive framing,"{""label"": ""biased"", ""rationale"": ""Loaded evaluative language ('delusional') and emotive framing""}",0,False,5.93
e17bb38e-72d6-4282-9b4b-eccdc9aeb20b,"In the years after the 2008 crisis, the Fed cracked down under the leadership of Fed board member Dan Tarullo, who made a concerted effort to end an overly bank-friendly culture of supervision and regulation.",washington-monthly,1,biased,biased,Loaded evaluative language: 'bank-friendly culture' implies criticism,"{""label"": ""biased"", ""rationale"": ""Loaded evaluative language: 'bank-friendly culture' implies criticism""}",0,False,5.85
08c8365d-a3e4-4c02-8cfa-a9950e494503,"To put it lightly, this is all a bad look for the Israeli national security state.",msnbc,1,biased,biased,Loaded evaluative language: 'bad look',"{""label"": ""biased"", ""rationale"": ""Loaded evaluative language: 'bad look'""}",0,False,5.14
5856fe4d-cb60-4a58-b77a-563d53c322fb,"Testosterone therapy for these men can help maintain muscle mass, slow osteoporosis, boost energy and stamina, and bring back their love life.",newsmax,0,non-biased,biased,Loaded evaluative language with positive connotations,"{""label"": ""biased"", ""rationale"": ""Loaded evaluative language with positive connotations""}",0,False,4.97
d88e10e9-64c2-4b74-9ba8-5da8ddb15797,"Ignore the increasingly corpulent heads of our armed forces prattling on about climate change being our biggest enemy, as opposed to, say, China, Russia, North Korea, or Iran.",american-thinker,1,biased,biased,Loaded evaluative language and subjective framing,"{""label"": ""biased"", ""rationale"": ""Loaded evaluative language and subjective framing""}",0,False,4.85
296ef73d-2cf6-4141-85d9-088dfd731ef5,It has been the platform of preference to target teens and propagandize in favor of transgenderism and sex reassignment surgeries.,newsbusters,1,biased,biased,Loaded evaluative language: 'propagandize' and negative framing,"{""label"": ""biased"", ""rationale"": ""Loaded evaluative language: 'propagandize' and negative framing""}",0,False,6.32
52986efd-a763-4d78-9a4b-d4e26f7cf364,"In early 2007, with the EPA slowed down, Boxer and Solis each introduced legislation that would compel the agency to impose a strict perchlorate drinking-water standard.",alternet,0,non-biased,non-biased,Neutral attribution language for legislative actions,"{""label"": ""non-biased"", ""rationale"": ""Neutral attribution language for legislative actions""}",0,False,5.19
4b46afdc-72c3-4dae-ba0e-b1eb3c620f12,It’s not merely a statistical trend but a poignant testament to the unraveling of our communal fabric.,washington-times,1,biased,biased,Loaded evaluative language and emotive framing,"{""label"": ""biased"", ""rationale"": ""Loaded evaluative language and emotive framing""}",0,False,5.04
bb07fc7a-8a84-4475-aa26-8791554b626c,"If 1 in 10 had done it nationwide, it would have been an epic landslide victory.",american-thinker,1,biased,biased,Loaded evaluative language: 'epic landslide victory',"{""label"": ""biased"", ""rationale"": ""Loaded evaluative language: 'epic landslide victory'""}",0,False,5.57
7e9a545e-1f88-443a-89d9-f498191a933e,"2) The Richter scale isn’t the only measurement game in town anymore The Richter scale, developed by Charles Richter in 1935 to measure quakes in Southern California, has fallen out of fashion.",vox,0,non-biased,biased,loaded evaluative language: 'fallen out of fashion',"{""label"": ""biased"", ""rationale"": ""loaded evaluative language: 'fallen out of fashion'""}",0,False,5.92
7d1b11bb-6007-474b-a01c-31c12d750d94,Hearing Americans on college campuses and in public demonstrations break into that chant is surreal.,hotair,0,non-biased,biased,Loaded evaluative language ('surreal') implies shock or disgust,"{""label"": ""biased"", ""rationale"": ""Loaded evaluative language ('surreal') implies shock or disgust""}",0,False,5.81
28075428-817f-4b83-876c-e9ec85aba7f1,"It will be available via Amazon Freevee, LG Channels on LG Smart TVs, The Roku Channel and Vizio WatchFree+.",cnet,0,non-biased,non-biased,Neutral listing of platforms without evaluative language,"{""label"": ""non-biased"", ""rationale"": ""Neutral listing of platforms without evaluative language""}",0,False,5.78
6893a8dc-41b4-4a7d-a059-46ce79619dc7,"And then you can see their brains sort of like hit a crossroads, and they're like slinkying?",wired,1,biased,biased,"Loaded evaluative language ('hit a crossroads', 'slinkying')","{""label"": ""biased"", ""rationale"": ""Loaded evaluative language ('hit a crossroads', 'slinkying')"" }",0,False,6.43
72a6516b-1626-4c1c-8bb1-a6827e678616,"It’s made up of a collection of essays written by celebrities describing that one teacher that affected them the most, and may even have turned their life around.",newsmax,0,non-biased,biased,"Loaded evaluative language: 'affected them the most', 'turned their life around'","{""label"": ""biased"", ""rationale"": ""Loaded evaluative language: 'affected them the most', 'turned their life around'""}",0,False,6.63
0748b9e1-6763-40be-b69e-0b0ce3ed5ed8,"They’ll buy some random new coin, and they’ll even call it a shit coin.",current-affairs,1,biased,biased,Loaded evaluative language,"{""label"": ""biased"", ""rationale"": ""Loaded evaluative language""}",0,False,4.2
4fcd90da-d603-4030-a88a-344d0d34f0fb,David wanted it made clear that he was appalled by Hamas’s rampage.,the-economist,1,biased,biased,Loaded evaluative language: 'appalled',"{""label"": ""biased"", ""rationale"": ""Loaded evaluative language: 'appalled'""}",0,False,5.03
550faa5a-5e40-4340-9167-f41e5d99add0,"Now officials worry that climate-friendly policies will undermine the country’s energy security (green types argue that some reforms, such as making the grid more flexible, would have the opposite effect).",the-economist,0,non-biased,biased,"Loaded evaluative language ('undermine', 'opposite effect')","{""label"": ""biased"", ""rationale"": ""Loaded evaluative language ('undermine', 'opposite effect')""}",0,False,5.99
c9cff4f4-7e7a-4610-8c43-4725bc99565e,Would George Latimer be a better member of Congress than Jamal Bowman?,wnd,0,non-biased,biased,Loaded evaluative language and implicit endorsement,"{""label"": ""biased"", ""rationale"": ""Loaded evaluative language and implicit endorsement""}",0,False,4.62
c5aab336-b69d-4f5f-9e1d-6b8c285da3dd,But Christians who believe that life begins at fertilization also see serious moral complexities with this storage process.,christianity-today,0,non-biased,non-biased,Neutral attribution to a specific group's perspective,"{""label"": ""non-biased"", ""rationale"": ""Neutral attribution to a specific group's perspective""}",0,False,5.63
95058da6-6626-4b74-b66e-e0669e689bd2,"But the Tatmadaw seized power in 2021, igniting nearly three years of brutal civil conflict in which the government has killed thousands of civilians.",vox,1,biased,biased,"Loaded evaluative language: 'brutal', 'killed thousands'","{""label"": ""biased"", ""rationale"": ""Loaded evaluative language: 'brutal', 'killed thousands'""}",0,False,6.29
89f48a3c-98f6-46b2-b9ae-d50d96a105f4,"There will be an interviewing process to vet potential candidates, including incumbents.",deseret-news,0,non-biased,non-biased,Neutral language used for a potentially sensitive topic.,"{""label"": ""non-biased"", ""rationale"": ""Neutral language used for a potentially sensitive topic.""}",0,False,5.61
b354203a-c510-4f7e-bd88-7b614932d638,"For proof, look no further than Meg Whitman, the California billionaire who in 2010 squandered $179 million in her futile campaign to beat Jerry Brown and become that state’s next governor.",american-greatness,1,biased,biased,"Loaded evaluative language: 'squandered', 'futile'","{""label"": ""biased"", ""rationale"": ""Loaded evaluative language: 'squandered', 'futile'""}",0,False,6.35
213a0d9f-2616-43b2-8486-8996b9b7362b,"By all means, no one is stopping them from living a spartan lifestyle.",townhall,0,non-biased,biased,Loaded evaluative language ('spartan' implies extreme simplicity),"{""label"": ""biased"", ""rationale"": ""Loaded evaluative language ('spartan' implies extreme simplicity)""}",0,False,5.84
2d82239a-458e-420b-aabe-4f2f7d554baa,"Despite the lengthy process, the panel still included several D.C. residents who disclosed participation in Democratic protests, including Black Lives Matter and the Women’s March, according to one court observer’s report.",wnd,0,non-biased,non-biased,"Neutral attribution language, no loaded evaluative terms","{""label"": ""non-biased"", ""rationale"": ""Neutral attribution language, no loaded evaluative terms""}",0,False,5.79
3b23325f-4264-4b74-b794-b74a125cea7a,"Janno, meanwhile, tried to paint the pricing plan as a public safety measure, in addition to being a fund raiser.",new-york-post,1,biased,biased,Loaded evaluative language ('public safety measure'),"{""label"": ""biased"", ""rationale"": ""Loaded evaluative language ('public safety measure')""}",0,False,5.45
b8628c85-e49e-431a-a88f-91f40424ad27,"Finally, you can help end malaria by participating in clinical trials of vaccines and other preventative measures.",vox,0,non-biased,biased,"Loaded language ('end malaria', implies success is guaranteed)","{""label"": ""biased"", ""rationale"": ""Loaded language ('end malaria', implies success is guaranteed)""}",0,False,5.57
e65d96fd-9a61-490f-81a1-8f21267df18e,"In the second case, you would frantically start making phone calls and probably rush out of the house to see if your kids are okay and if anyone you know was harmed.",townhall,1,biased,biased,Loaded emotional language evoking fear and anxiety,"{""label"": ""biased"", ""rationale"": ""Loaded emotional language evoking fear and anxiety""}",0,False,4.95
5482cf89-7ed6-4191-95c1-2788b1e79b78,"This prompted one activist to storm the stage, seize the mike, and declare that he wasn’t there for a political rally.",american-thinker,0,non-biased,biased,"Loaded evaluative language ('storm', 'seize')","{""label"": ""biased"", ""rationale"": ""Loaded evaluative language ('storm', 'seize')""}",0,False,5.75
26fa5ef6-b8bb-4761-8fdc-8cff55bccb99,"WALMA STOPS ADVERTISING ON X, ADDING TO GROWING LIST OF COMPANIES All your teen has to do is accept the invite.",fox-news,1,biased,biased,Loaded language ('growing list of companies') implies negative trend,"{""label"": ""biased"", ""rationale"": ""Loaded language ('growing list of companies') implies negative trend""}",0,False,5.71
31433d39-cc04-4c3c-a025-d2b0b2e5d3a1,"Some rooms have views across the estuary to the Yr Wyddfa (Snowdonia) hills, and big breakfasts could include local bacon and black pudding or avocado and mushrooms.",the-guardian,0,non-biased,non-biased,Neutral description of amenities,"{""label"": ""non-biased"", ""rationale"": ""Neutral description of amenities""}",0,False,4.83
